restaurant,resume,section,product,price,section_trt
Baba Aroudj-Djelloul,4.4 • $ • Burger,JUMIA ANNIVERSAIRE,Promo Anniversaire: 2 burgers + hamoud boualem,350 DA,JUMIA ANNIVERSAIRE
Baba Aroudj-Djelloul,4.4 • $ • Burger,BURGERS,Cheese burger,170 DA,BURGER
Baba Aroudj-Djelloul,4.4 • $ • Burger,BURGERS,Double cheese burger,230 DA,BURGER
Baba Aroudj-Djelloul,4.4 • $ • Burger,BURGERS,Double viande,200 DA,BURGER
L'Avenue,4 • $$ • Café • Cuisine Française • pâtes • Pizza • Poissons • Salades • Sucré - Desserts • Cuisine Méditerranéenne,"LES PLUS COMMANDÉS
Les plus commandés",Tempura de Crevettes,900 DA,TOP
L'Avenue,4 • $$ • Café • Cuisine Française • pâtes • Pizza • Poissons • Salades • Sucré - Desserts • Cuisine Méditerranéenne,"LES PLUS COMMANDÉS
Les plus commandés",Pizza Margherita,350 DA,TOP
L'Avenue,4 • $$ • Café • Cuisine Française • pâtes • Pizza • Poissons • Salades • Sucré - Desserts • Cuisine Méditerranéenne,"LES PLUS COMMANDÉS
Les plus commandés",Pizza Poulet Curry,650 DA,TOP
L'Avenue,4 • $$ • Café • Cuisine Française • pâtes • Pizza • Poissons • Salades • Sucré - Desserts • Cuisine Méditerranéenne,"LES PLUS COMMANDÉS
Les plus commandés",Pizza Orientale,850 DA,TOP
L'Avenue,4 • $$ • Café • Cuisine Française • pâtes • Pizza • Poissons • Salades • Sucré - Desserts • Cuisine Méditerranéenne,"LES PLUS COMMANDÉS
Les plus commandés",Tagliatelles Poulet Champignons,900 DA,TOP
L'Avenue,4 • $$ • Café • Cuisine Française • pâtes • Pizza • Poissons • Salades • Sucré - Desserts • Cuisine Méditerranéenne,"LES PLUS COMMANDÉS
Les plus commandés",Burger du Chef,900 DA,TOP
L'Avenue,4 • $$ • Café • Cuisine Française • pâtes • Pizza • Poissons • Salades • Sucré - Desserts • Cuisine Méditerranéenne,"LES PLUS COMMANDÉS
Les plus commandés",Tiramisu Nutella Spéculos,600 DA,TOP
L'Avenue,4 • $$ • Café • Cuisine Française • pâtes • Pizza • Poissons • Salades • Sucré - Desserts • Cuisine Méditerranéenne,ENTRÉES,Tartare thon tomate,500 DA,ENTREES
L'Avenue,4 • $$ • Café • Cuisine Française • pâtes • Pizza • Poissons • Salades • Sucré - Desserts • Cuisine Méditerranéenne,ENTRÉES,Chicken wings,600 DA,ENTREES
L'Avenue,4 • $$ • Café • Cuisine Française • pâtes • Pizza • Poissons • Salades • Sucré - Desserts • Cuisine Méditerranéenne,ENTRÉES,(6 pièces),700 DA,ENTREES
L'Avenue,4 • $$ • Café • Cuisine Française • pâtes • Pizza • Poissons • Salades • Sucré - Desserts • Cuisine Méditerranéenne,ENTRÉES,"Trio de briouates (poulet, viande hachée, crevettes)",900 DA,ENTREES
L'Avenue,4 • $$ • Café • Cuisine Française • pâtes • Pizza • Poissons • Salades • Sucré - Desserts • Cuisine Méditerranéenne,ENTRÉES,(3 pièces),900 DA,ENTREES
L'Avenue,4 • $$ • Café • Cuisine Française • pâtes • Pizza • Poissons • Salades • Sucré - Desserts • Cuisine Méditerranéenne,ENTRÉES,Carpaccio,900 DA,ENTREES
L'Avenue,4 • $$ • Café • Cuisine Française • pâtes • Pizza • Poissons • Salades • Sucré - Desserts • Cuisine Méditerranéenne,ENTRÉES,Tempura de Crevettes,1.700 DA,ENTREES
L'Avenue,4 • $$ • Café • Cuisine Française • pâtes • Pizza • Poissons • Salades • Sucré - Desserts • Cuisine Méditerranéenne,GRANDES SALADES COMPOSÉES,Nems Au Poulet,800 DA,SALADES
L'Avenue,4 • $$ • Café • Cuisine Française • pâtes • Pizza • Poissons • Salades • Sucré - Desserts • Cuisine Méditerranéenne,GRANDES SALADES COMPOSÉES,Foie Gras,900 DA,SALADES
L'Avenue,4 • $$ • Café • Cuisine Française • pâtes • Pizza • Poissons • Salades • Sucré - Desserts • Cuisine Méditerranéenne,GRANDES SALADES COMPOSÉES,Salade Niçoise,1.000 DA,SALADES
L'Avenue,4 • $$ • Café • Cuisine Française • pâtes • Pizza • Poissons • Salades • Sucré - Desserts • Cuisine Méditerranéenne,PIZZAS,Salade César,350 DA,PIZZA
L'Avenue,4 • $$ • Café • Cuisine Française • pâtes • Pizza • Poissons • Salades • Sucré - Desserts • Cuisine Méditerranéenne,PIZZAS,Océane,600 DA,PIZZA
L'Avenue,4 • $$ • Café • Cuisine Française • pâtes • Pizza • Poissons • Salades • Sucré - Desserts • Cuisine Méditerranéenne,PIZZAS,Pizza Margherita,550 DA,PIZZA
L'Avenue,4 • $$ • Café • Cuisine Française • pâtes • Pizza • Poissons • Salades • Sucré - Desserts • Cuisine Méditerranéenne,PIZZAS,Pizza Végétarienne,600 DA,PIZZA
L'Avenue,4 • $$ • Café • Cuisine Française • pâtes • Pizza • Poissons • Salades • Sucré - Desserts • Cuisine Méditerranéenne,PIZZAS,Pizza Napolitaine,650 DA,PIZZA
L'Avenue,4 • $$ • Café • Cuisine Française • pâtes • Pizza • Poissons • Salades • Sucré - Desserts • Cuisine Méditerranéenne,PIZZAS,Pizza Thon,700 DA,PIZZA
L'Avenue,4 • $$ • Café • Cuisine Française • pâtes • Pizza • Poissons • Salades • Sucré - Desserts • Cuisine Méditerranéenne,PIZZAS,Pizza Poulet Curry,850 DA,PIZZA
L'Avenue,4 • $$ • Café • Cuisine Française • pâtes • Pizza • Poissons • Salades • Sucré - Desserts • Cuisine Méditerranéenne,PIZZAS,Pizza Viande Hachée,800 DA,PIZZA
L'Avenue,4 • $$ • Café • Cuisine Française • pâtes • Pizza • Poissons • Salades • Sucré - Desserts • Cuisine Méditerranéenne,PIZZAS,Pizza Orientale,900 DA,PIZZA
L'Avenue,4 • $$ • Café • Cuisine Française • pâtes • Pizza • Poissons • Salades • Sucré - Desserts • Cuisine Méditerranéenne,PIZZAS,Pizza Quatre Fromages,1.300 DA,PIZZA
L'Avenue,4 • $$ • Café • Cuisine Française • pâtes • Pizza • Poissons • Salades • Sucré - Desserts • Cuisine Méditerranéenne,PIZZAS,Pizza Chèvre Miel,400 DA,PIZZA
L'Avenue,4 • $$ • Café • Cuisine Française • pâtes • Pizza • Poissons • Salades • Sucré - Desserts • Cuisine Méditerranéenne,PIZZAS,Pizza au Saumon Fumé,650 DA,PIZZA
L'Avenue,4 • $$ • Café • Cuisine Française • pâtes • Pizza • Poissons • Salades • Sucré - Desserts • Cuisine Méditerranéenne,PIZZAS,Pizza Marinara (sans fromage ),600 DA,PIZZA
L'Avenue,4 • $$ • Café • Cuisine Française • pâtes • Pizza • Poissons • Salades • Sucré - Desserts • Cuisine Méditerranéenne,PIZZAS,Pizza Champignon,650 DA,PIZZA
L'Avenue,4 • $$ • Café • Cuisine Française • pâtes • Pizza • Poissons • Salades • Sucré - Desserts • Cuisine Méditerranéenne,PIZZAS,Pizza Poulet,750 DA,PIZZA
L'Avenue,4 • $$ • Café • Cuisine Française • pâtes • Pizza • Poissons • Salades • Sucré - Desserts • Cuisine Méditerranéenne,PIZZAS,Pizza Poulet à la Crème,550 DA,PIZZA
L'Avenue,4 • $$ • Café • Cuisine Française • pâtes • Pizza • Poissons • Salades • Sucré - Desserts • Cuisine Méditerranéenne,PIZZAS,Pizza Poulet Fumé,550 DA,PIZZA
L'Avenue,4 • $$ • Café • Cuisine Française • pâtes • Pizza • Poissons • Salades • Sucré - Desserts • Cuisine Méditerranéenne,PIZZAS,Pizza Pomodoro,850 DA,PIZZA
L'Avenue,4 • $$ • Café • Cuisine Française • pâtes • Pizza • Poissons • Salades • Sucré - Desserts • Cuisine Méditerranéenne,PIZZAS,Pizza Spinaci,800 DA,PIZZA
L'Avenue,4 • $$ • Café • Cuisine Française • pâtes • Pizza • Poissons • Salades • Sucré - Desserts • Cuisine Méditerranéenne,PIZZAS,Pizza viande fumée,1.300 DA,PIZZA
L'Avenue,4 • $$ • Café • Cuisine Française • pâtes • Pizza • Poissons • Salades • Sucré - Desserts • Cuisine Méditerranéenne,OMELETTES,Pizza 4 fromages,300 DA,OMELETTES
L'Avenue,4 • $$ • Café • Cuisine Française • pâtes • Pizza • Poissons • Salades • Sucré - Desserts • Cuisine Méditerranéenne,OMELETTES,Pizza crevettes,400 DA,OMELETTES
L'Avenue,4 • $$ • Café • Cuisine Française • pâtes • Pizza • Poissons • Salades • Sucré - Desserts • Cuisine Méditerranéenne,OMELETTES,Omelette Nature,500 DA,OMELETTES
L'Avenue,4 • $$ • Café • Cuisine Française • pâtes • Pizza • Poissons • Salades • Sucré - Desserts • Cuisine Méditerranéenne,OMELETTES,Omelette Fromage,700 DA,OMELETTES
L'Avenue,4 • $$ • Café • Cuisine Française • pâtes • Pizza • Poissons • Salades • Sucré - Desserts • Cuisine Méditerranéenne,PÂTES,Omelette aux champignons frais,900 DA,PATES
L'Avenue,4 • $$ • Café • Cuisine Française • pâtes • Pizza • Poissons • Salades • Sucré - Desserts • Cuisine Méditerranéenne,PÂTES,Omelette viande hachée,950 DA,PATES
L'Avenue,4 • $$ • Café • Cuisine Française • pâtes • Pizza • Poissons • Salades • Sucré - Desserts • Cuisine Méditerranéenne,PÂTES,Tagliatelles Poulet Champignons,1.000 DA,PATES
L'Avenue,4 • $$ • Café • Cuisine Française • pâtes • Pizza • Poissons • Salades • Sucré - Desserts • Cuisine Méditerranéenne,PÂTES,Spaghettis Bolognaise,1.000 DA,PATES
L'Avenue,4 • $$ • Café • Cuisine Française • pâtes • Pizza • Poissons • Salades • Sucré - Desserts • Cuisine Méditerranéenne,PÂTES,Tagliatelles au Saumon,700 DA,PATES
L'Avenue,4 • $$ • Café • Cuisine Française • pâtes • Pizza • Poissons • Salades • Sucré - Desserts • Cuisine Méditerranéenne,PÂTES,Pennes aux 4 Fromages Gratinées au Four,800 DA,PATES
L'Avenue,4 • $$ • Café • Cuisine Française • pâtes • Pizza • Poissons • Salades • Sucré - Desserts • Cuisine Méditerranéenne,PÂTES,Pennes Arrabiata,800 DA,PATES
L'Avenue,4 • $$ • Café • Cuisine Française • pâtes • Pizza • Poissons • Salades • Sucré - Desserts • Cuisine Méditerranéenne,PÂTES,Pennes aux épinards à la crème,800 DA,PATES
L'Avenue,4 • $$ • Café • Cuisine Française • pâtes • Pizza • Poissons • Salades • Sucré - Desserts • Cuisine Méditerranéenne,PLATS,Pennes aux aubergines,900 DA,PLATS
L'Avenue,4 • $$ • Café • Cuisine Française • pâtes • Pizza • Poissons • Salades • Sucré - Desserts • Cuisine Méditerranéenne,PLATS,Tagliatelles aux champignons frais,1.000 DA,PLATS
L'Avenue,4 • $$ • Café • Cuisine Française • pâtes • Pizza • Poissons • Salades • Sucré - Desserts • Cuisine Méditerranéenne,PLATS,Burger du Chef,1.100 DA,PLATS
L'Avenue,4 • $$ • Café • Cuisine Française • pâtes • Pizza • Poissons • Salades • Sucré - Desserts • Cuisine Méditerranéenne,PLATS,Steak à Cheval,1.300 DA,PLATS
L'Avenue,4 • $$ • Café • Cuisine Française • pâtes • Pizza • Poissons • Salades • Sucré - Desserts • Cuisine Méditerranéenne,PLATS,Escalope Milanaise,1.400 DA,PLATS
L'Avenue,4 • $$ • Café • Cuisine Française • pâtes • Pizza • Poissons • Salades • Sucré - Desserts • Cuisine Méditerranéenne,PLATS,Émincé de Poulet au Champignons,1.450 DA,PLATS
L'Avenue,4 • $$ • Café • Cuisine Française • pâtes • Pizza • Poissons • Salades • Sucré - Desserts • Cuisine Méditerranéenne,PLATS,"Poulet Mariné, Grillé, Sauce Curry",2.200 DA,PLATS
L'Avenue,4 • $$ • Café • Cuisine Française • pâtes • Pizza • Poissons • Salades • Sucré - Desserts • Cuisine Méditerranéenne,PLATS,Cordon Bleu,2.400 DA,PLATS
L'Avenue,4 • $$ • Café • Cuisine Française • pâtes • Pizza • Poissons • Salades • Sucré - Desserts • Cuisine Méditerranéenne,PLATS,Risotto aux Gambas Grillées,2.400 DA,PLATS
L'Avenue,4 • $$ • Café • Cuisine Française • pâtes • Pizza • Poissons • Salades • Sucré - Desserts • Cuisine Méditerranéenne,PLATS,Tigre Qui Pleure,700 DA,PLATS
L'Avenue,4 • $$ • Café • Cuisine Française • pâtes • Pizza • Poissons • Salades • Sucré - Desserts • Cuisine Méditerranéenne,PLATS,Méchoui,1.100 DA,PLATS
L'Avenue,4 • $$ • Café • Cuisine Française • pâtes • Pizza • Poissons • Salades • Sucré - Desserts • Cuisine Méditerranéenne,PLATS,Chicken burger,1.700 DA,PLATS
L'Avenue,4 • $$ • Café • Cuisine Française • pâtes • Pizza • Poissons • Salades • Sucré - Desserts • Cuisine Méditerranéenne,PLATS,Escalope grillée,1.800 DA,PLATS
L'Avenue,4 • $$ • Café • Cuisine Française • pâtes • Pizza • Poissons • Salades • Sucré - Desserts • Cuisine Méditerranéenne,PLATS,Brochettes de boeuf,2.200 DA,PLATS
L'Avenue,4 • $$ • Café • Cuisine Française • pâtes • Pizza • Poissons • Salades • Sucré - Desserts • Cuisine Méditerranéenne,PLATS,Grillades mixtes,3.100 DA,PLATS
L'Avenue,4 • $$ • Café • Cuisine Française • pâtes • Pizza • Poissons • Salades • Sucré - Desserts • Cuisine Méditerranéenne,PLATS,Faux filet,3.400 DA,PLATS
L'Avenue,4 • $$ • Café • Cuisine Française • pâtes • Pizza • Poissons • Salades • Sucré - Desserts • Cuisine Méditerranéenne,PLATS,T-bone de boeuf (500-600g),2.300 DA,PLATS
L'Avenue,4 • $$ • Café • Cuisine Française • pâtes • Pizza • Poissons • Salades • Sucré - Desserts • Cuisine Méditerranéenne,PLATS,Côte de boeuf (700 -800g),2.200 DA,PLATS
L'Avenue,4 • $$ • Café • Cuisine Française • pâtes • Pizza • Poissons • Salades • Sucré - Desserts • Cuisine Méditerranéenne,PLATS,Entrecôte (350g),1.400 DA,PLATS
L'Avenue,4 • $$ • Café • Cuisine Française • pâtes • Pizza • Poissons • Salades • Sucré - Desserts • Cuisine Méditerranéenne,DESSERTS,Larmes du tigre,400 DA,DESSERTS
L'Avenue,4 • $$ • Café • Cuisine Française • pâtes • Pizza • Poissons • Salades • Sucré - Desserts • Cuisine Méditerranéenne,DESSERTS,Escalope de poulet gratinée,450 DA,DESSERTS
L'Avenue,4 • $$ • Café • Cuisine Française • pâtes • Pizza • Poissons • Salades • Sucré - Desserts • Cuisine Méditerranéenne,DESSERTS,Salade de Fruits,450 DA,DESSERTS
L'Avenue,4 • $$ • Café • Cuisine Française • pâtes • Pizza • Poissons • Salades • Sucré - Desserts • Cuisine Méditerranéenne,DESSERTS,Tarte au Citron Meringuée,500 DA,DESSERTS
L'Avenue,4 • $$ • Café • Cuisine Française • pâtes • Pizza • Poissons • Salades • Sucré - Desserts • Cuisine Méditerranéenne,DESSERTS,Fondant au Chocolat et Sa Boule de Glace,500 DA,DESSERTS
L'Avenue,4 • $$ • Café • Cuisine Française • pâtes • Pizza • Poissons • Salades • Sucré - Desserts • Cuisine Méditerranéenne,DESSERTS,Tarte Aux Pommes,550 DA,DESSERTS
L'Avenue,4 • $$ • Café • Cuisine Française • pâtes • Pizza • Poissons • Salades • Sucré - Desserts • Cuisine Méditerranéenne,DESSERTS,Mousse au Chocolat,550 DA,DESSERTS
L'Avenue,4 • $$ • Café • Cuisine Française • pâtes • Pizza • Poissons • Salades • Sucré - Desserts • Cuisine Méditerranéenne,DESSERTS,Crème Brûlée à la Vanille Bourbon,500 DA,DESSERTS
L'Avenue,4 • $$ • Café • Cuisine Française • pâtes • Pizza • Poissons • Salades • Sucré - Desserts • Cuisine Méditerranéenne,DESSERTS,Marquise au Chocolat,600 DA,DESSERTS
L'Avenue,4 • $$ • Café • Cuisine Française • pâtes • Pizza • Poissons • Salades • Sucré - Desserts • Cuisine Méditerranéenne,DESSERTS,"Glaces 3 Boules (Vanille, Fraise, Chocolat)",600 DA,DESSERTS
L'Avenue,4 • $$ • Café • Cuisine Française • pâtes • Pizza • Poissons • Salades • Sucré - Desserts • Cuisine Méditerranéenne,DESSERTS,Tiramisu Nutella Spéculos,600 DA,DESSERTS
L'Avenue,4 • $$ • Café • Cuisine Française • pâtes • Pizza • Poissons • Salades • Sucré - Desserts • Cuisine Méditerranéenne,DESSERTS,Tiramisu,550 DA,DESSERTS
L'Avenue,4 • $$ • Café • Cuisine Française • pâtes • Pizza • Poissons • Salades • Sucré - Desserts • Cuisine Méditerranéenne,DESSERTS,Nems nutella banane,550 DA,DESSERTS
L'Avenue,4 • $$ • Café • Cuisine Française • pâtes • Pizza • Poissons • Salades • Sucré - Desserts • Cuisine Méditerranéenne,BOISSONS FRAÎCHES,Pavé nutella banane,100 DA,BOISSONS
L'Avenue,4 • $$ • Café • Cuisine Française • pâtes • Pizza • Poissons • Salades • Sucré - Desserts • Cuisine Méditerranéenne,BOISSONS FRAÎCHES,Cheesecake,200 DA,BOISSONS
L'Avenue,4 • $$ • Café • Cuisine Française • pâtes • Pizza • Poissons • Salades • Sucré - Desserts • Cuisine Méditerranéenne,BOISSONS FRAÎCHES,Eau Petite Bouteille,250 DA,BOISSONS
L'Avenue,4 • $$ • Café • Cuisine Française • pâtes • Pizza • Poissons • Salades • Sucré - Desserts • Cuisine Méditerranéenne,BOISSONS FRAÎCHES,Eau Grande Bouteille,250 DA,BOISSONS
L'Avenue,4 • $$ • Café • Cuisine Française • pâtes • Pizza • Poissons • Salades • Sucré - Desserts • Cuisine Méditerranéenne,BOISSONS FRAÎCHES,Soda,600 DA,BOISSONS
L'Avenue,4 • $$ • Café • Cuisine Française • pâtes • Pizza • Poissons • Salades • Sucré - Desserts • Cuisine Méditerranéenne,BOISSONS FRAÎCHES,Jus,500 DA,BOISSONS
L'Avenue,4 • $$ • Café • Cuisine Française • pâtes • Pizza • Poissons • Salades • Sucré - Desserts • Cuisine Méditerranéenne,BOISSONS FRAÎCHES,Red Bull,500 DA,BOISSONS
L'Avenue,4 • $$ • Café • Cuisine Française • pâtes • Pizza • Poissons • Salades • Sucré - Desserts • Cuisine Méditerranéenne,MOJITOS,Cocktail de Fruits Frais,500 DA,BOISSONS
L'Avenue,4 • $$ • Café • Cuisine Française • pâtes • Pizza • Poissons • Salades • Sucré - Desserts • Cuisine Méditerranéenne,MOJITOS,Jus Naturel Pressé,550 DA,BOISSONS
L'Avenue,4 • $$ • Café • Cuisine Française • pâtes • Pizza • Poissons • Salades • Sucré - Desserts • Cuisine Méditerranéenne,MOJITOS,Classique,600 DA,BOISSONS
L'Avenue,4 • $$ • Café • Cuisine Française • pâtes • Pizza • Poissons • Salades • Sucré - Desserts • Cuisine Méditerranéenne,MOJITOS,Cuba Libre: Coca-Cola,600 DA,BOISSONS
L'Avenue,4 • $$ • Café • Cuisine Française • pâtes • Pizza • Poissons • Salades • Sucré - Desserts • Cuisine Méditerranéenne,BOISSONS CHAUDES,Golden: Fruits de Passion,250 DA,BOISSONS
L'Avenue,4 • $$ • Café • Cuisine Française • pâtes • Pizza • Poissons • Salades • Sucré - Desserts • Cuisine Méditerranéenne,BOISSONS CHAUDES,Straw: Fraise,500 DA,BOISSONS
L'Avenue,4 • $$ • Café • Cuisine Française • pâtes • Pizza • Poissons • Salades • Sucré - Desserts • Cuisine Méditerranéenne,BOISSONS CHAUDES,Café Expresso,300 DA,BOISSONS
L'Avenue,4 • $$ • Café • Cuisine Française • pâtes • Pizza • Poissons • Salades • Sucré - Desserts • Cuisine Méditerranéenne,BOISSONS CHAUDES,Café Double Expresso,300 DA,BOISSONS
L'Avenue,4 • $$ • Café • Cuisine Française • pâtes • Pizza • Poissons • Salades • Sucré - Desserts • Cuisine Méditerranéenne,BOISSONS CHAUDES,Machiatto Latté (Noisette),300 DA,BOISSONS
L'Avenue,4 • $$ • Café • Cuisine Française • pâtes • Pizza • Poissons • Salades • Sucré - Desserts • Cuisine Méditerranéenne,BOISSONS CHAUDES,Café Bonbon,400 DA,BOISSONS
L'Avenue,4 • $$ • Café • Cuisine Française • pâtes • Pizza • Poissons • Salades • Sucré - Desserts • Cuisine Méditerranéenne,BOISSONS CHAUDES,Café au Lait,400 DA,BOISSONS
L'Avenue,4 • $$ • Café • Cuisine Française • pâtes • Pizza • Poissons • Salades • Sucré - Desserts • Cuisine Méditerranéenne,BOISSONS CHAUDES,Café Mocha,450 DA,BOISSONS
L'Avenue,4 • $$ • Café • Cuisine Française • pâtes • Pizza • Poissons • Salades • Sucré - Desserts • Cuisine Méditerranéenne,BOISSONS CHAUDES,Cappuccino,300 DA,BOISSONS
L'Avenue,4 • $$ • Café • Cuisine Française • pâtes • Pizza • Poissons • Salades • Sucré - Desserts • Cuisine Méditerranéenne,BOISSONS CHAUDES,Chocolat Chaud,300 DA,BOISSONS
O'Tacos,4.3 • $$ • Sucré - Desserts • Tacos,O'TACOS,Tacos tortilla M,500 DA,TACOS
O'Tacos,4.3 • $$ • Sucré - Desserts • Tacos,O'TACOS,Tacos tortilla L,650 DA,TACOS
O'Tacos,4.3 • $$ • Sucré - Desserts • Tacos,O'TACOS,Tacos tortilla XL,850 DA,TACOS
O'Tacos,4.3 • $$ • Sucré - Desserts • Tacos,O'TACOS,Tacos tortilla XXL,1.200 DA,TACOS
O'Tacos,4.3 • $$ • Sucré - Desserts • Tacos,GAMME O'FONDUE,Le Fondant - gratiné au four,650 DA,GAMME O'FONDUE
O'Tacos,4.3 • $$ • Sucré - Desserts • Tacos,GAMME O'FONDUE,Le Fameux - gratiné au four,650 DA,GAMME O'FONDUE
O'Tacos,4.3 • $$ • Sucré - Desserts • Tacos,GAMME O'FONDUE,Le Gourmand - gratiné au four,650 DA,GAMME O'FONDUE
O'Tacos,4.3 • $$ • Sucré - Desserts • Tacos,GAMME O'FONDUE,Le Montagnard - gratiné au four,700 DA,GAMME O'FONDUE
O'Tacos,4.3 • $$ • Sucré - Desserts • Tacos,LES FRITES,Barquette de frites,150 DA,LES FRITES
O'Tacos,4.3 • $$ • Sucré - Desserts • Tacos,LES FRITES,Barquette de frites O'fondue,250 DA,LES FRITES
O'Tacos,4.3 • $$ • Sucré - Desserts • Tacos,DESSERTS,Tiramisu caramel,300 DA,DESSERTS
O'Tacos,4.3 • $$ • Sucré - Desserts • Tacos,DESSERTS,Tiramisu chocolat,300 DA,DESSERTS
O'Tacos,4.3 • $$ • Sucré - Desserts • Tacos,DESSERTS,Tiramisu chocolat vanille,300 DA,DESSERTS
O'Tacos,4.3 • $$ • Sucré - Desserts • Tacos,DESSERTS,Tiramisu bounty,300 DA,DESSERTS
O'Tacos,4.3 • $$ • Sucré - Desserts • Tacos,DESSERTS,Tiramisu snickers,300 DA,DESSERTS
O'Tacos,4.3 • $$ • Sucré - Desserts • Tacos,DESSERTS,Tiramisu oreo,300 DA,DESSERTS
O'Tacos,4.3 • $$ • Sucré - Desserts • Tacos,DESSERTS,Tiramisu fraise,300 DA,DESSERTS
O'Tacos,4.3 • $$ • Sucré - Desserts • Tacos,DESSERTS,Tiramisu citron,300 DA,DESSERTS
O'Tacos,4.3 • $$ • Sucré - Desserts • Tacos,BOISSONS,Eau minérale,50 DA,BOISSONS
O'Tacos,4.3 • $$ • Sucré - Desserts • Tacos,BOISSONS,Coca cola,100 DA,BOISSONS
O'Tacos,4.3 • $$ • Sucré - Desserts • Tacos,BOISSONS,Fanta orange,100 DA,BOISSONS
O'Tacos,4.3 • $$ • Sucré - Desserts • Tacos,BOISSONS,Limoncetto,200 DA,BOISSONS
La Marguerite,4.3 • $$ • Sucré - Desserts • Tacos • Pizza,"PIZZAS
Pizzas",Pizza végétarienne,650,PIZZA
La Marguerite,4.3 • $$ • Sucré - Desserts • Tacos • Pizza,"PIZZAS
Pizzas",Pizza tuna,600,PIZZA
La Marguerite,4.3 • $$ • Sucré - Desserts • Tacos • Pizza,"PIZZAS
Pizzas",Pizza orientale,650,PIZZA
La Marguerite,4.3 • $$ • Sucré - Desserts • Tacos • Pizza,"PIZZAS
Pizzas",Pizza fruits de mer,750,PIZZA
La Marguerite,4.3 • $$ • Sucré - Desserts • Tacos • Pizza,"PIZZAS
Pizzas",Pizza tagliato,650,PIZZA
La Marguerite,4.3 • $$ • Sucré - Desserts • Tacos • Pizza,"PIZZAS
Pizzas",Pizza margarita plus,550,PIZZA
La Marguerite,4.3 • $$ • Sucré - Desserts • Tacos • Pizza,"PIZZAS SPÉCIALES
Pizzas",Pizza pollo,650,PIZZA
La Marguerite,4.3 • $$ • Sucré - Desserts • Tacos • Pizza,"PIZZAS SPÉCIALES
Pizzas",Pizza 4 fromages,700,PIZZA
La Marguerite,4.3 • $$ • Sucré - Desserts • Tacos • Pizza,"PIZZAS SPÉCIALES
Pizzas",Pizza Barbecue,700,PIZZA
La Marguerite,4.3 • $$ • Sucré - Desserts • Tacos • Pizza,"PIZZAS SPÉCIALES
Pizzas",Pizza fumato,650,PIZZA
La Marguerite,4.3 • $$ • Sucré - Desserts • Tacos • Pizza,"PIZZAS BLANCHES
Pizzas",Pizza Chloé,900,PIZZA
La Marguerite,4.3 • $$ • Sucré - Desserts • Tacos • Pizza,"PIZZAS BLANCHES
Pizzas",Pizza regina,650,PIZZA
La Marguerite,4.3 • $$ • Sucré - Desserts • Tacos • Pizza,"PIZZAS BLANCHES
Pizzas",Pizza Indienne,650,PIZZA
La Marguerite,4.3 • $$ • Sucré - Desserts • Tacos • Pizza,"PIZZAS BLANCHES
Pizzas",Pizza crevettes,700,PIZZA
La Marguerite,4.3 • $$ • Sucré - Desserts • Tacos • Pizza,CALZONES,Calzone poulet,500,CALZONES
La Marguerite,4.3 • $$ • Sucré - Desserts • Tacos • Pizza,CALZONES,Calzone viande,550,CALZONES
La Marguerite,4.3 • $$ • Sucré - Desserts • Tacos • Pizza,CALZONES,Calzone thon,550,CALZONES
La Marguerite,4.3 • $$ • Sucré - Desserts • Tacos • Pizza,CALZONES,Calzone 4 fromages,500,CALZONES
La Marguerite,4.3 • $$ • Sucré - Desserts • Tacos • Pizza,BOISSONS,Coca Cola,100,BOISSONS
La Marguerite,4.3 • $$ • Sucré - Desserts • Tacos • Pizza,BOISSONS,Selecto,100,BOISSONS
La Marguerite,4.3 • $$ • Sucré - Desserts • Tacos • Pizza,BOISSONS,Hamoud blanche,100,BOISSONS
La Marguerite,4.3 • $$ • Sucré - Desserts • Tacos • Pizza,BOISSONS,Fanta orange,100,BOISSONS
La Marguerite,4.3 • $$ • Sucré - Desserts • Tacos • Pizza,BOISSONS,Eau minérale,50,BOISSONS
Pizza Nostra Feu de Bois Cheraga,4.2 • $$ • Sucré - Desserts • Pizza,PIZZAS CLASSIQUES,Marguerita,400 DA,PIZZA
Pizza Nostra Feu de Bois Cheraga,4.2 • $$ • Sucré - Desserts • Pizza,PIZZAS CLASSIQUES,Végétarienne,550 DA,PIZZA
Pizza Nostra Feu de Bois Cheraga,4.2 • $$ • Sucré - Desserts • Pizza,PIZZAS CLASSIQUES,Anchois,550 DA,PIZZA
Pizza Nostra Feu de Bois Cheraga,4.2 • $$ • Sucré - Desserts • Pizza,PIZZAS CLASSIQUES,3 Fromages,650 DA,PIZZA
Pizza Nostra Feu de Bois Cheraga,4.2 • $$ • Sucré - Desserts • Pizza,PIZZAS CLASSIQUES,Poulet,650 DA,PIZZA
Pizza Nostra Feu de Bois Cheraga,4.2 • $$ • Sucré - Desserts • Pizza,PIZZAS CLASSIQUES,Viande,700 DA,PIZZA
Pizza Nostra Feu de Bois Cheraga,4.2 • $$ • Sucré - Desserts • Pizza,PIZZAS CLASSIQUES,Poulet fumé,650 DA,PIZZA
Pizza Nostra Feu de Bois Cheraga,4.2 • $$ • Sucré - Desserts • Pizza,PIZZAS CLASSIQUES,Saucisse fumé,700 DA,PIZZA
Pizza Nostra Feu de Bois Cheraga,4.2 • $$ • Sucré - Desserts • Pizza,PIZZAS CLASSIQUES,Thon,650 DA,PIZZA
Pizza Nostra Feu de Bois Cheraga,4.2 • $$ • Sucré - Desserts • Pizza,PIZZAS CLASSIQUES,Saumon,1.200 DA,PIZZA
Pizza Nostra Feu de Bois Cheraga,4.2 • $$ • Sucré - Desserts • Pizza,PIZZAS CLASSIQUES,Fruits de mer,1.200 DA,PIZZA
Pizza Nostra Feu de Bois Cheraga,4.2 • $$ • Sucré - Desserts • Pizza,PIZZAS CLASSIQUES,4 Fromages,800 DA,PIZZA
Pizza Nostra Feu de Bois Cheraga,4.2 • $$ • Sucré - Desserts • Pizza,PIZZAS CLASSIQUES,Kebab,800 DA,PIZZA
Pizza Nostra Feu de Bois Cheraga,4.2 • $$ • Sucré - Desserts • Pizza,PIZZAS CRÈME FRAICHE,Poulet crème fraiche,700 DA,PIZZA
Pizza Nostra Feu de Bois Cheraga,4.2 • $$ • Sucré - Desserts • Pizza,PIZZAS CRÈME FRAICHE,Thon crème fraiche,700 DA,PIZZA
Pizza Nostra Feu de Bois Cheraga,4.2 • $$ • Sucré - Desserts • Pizza,PIZZAS CRÈME FRAICHE,Saucisse fumé crème fraiche,750 DA,PIZZA
Pizza Nostra Feu de Bois Cheraga,4.2 • $$ • Sucré - Desserts • Pizza,PIZZAS CRÈME FRAICHE,Poulet fumé crème fraiche,700 DA,PIZZA
Pizza Nostra Feu de Bois Cheraga,4.2 • $$ • Sucré - Desserts • Pizza,PIZZAS CRÈME FRAICHE,Saumon fumé crème fraiche,1.300 DA,PIZZA
Pizza Nostra Feu de Bois Cheraga,4.2 • $$ • Sucré - Desserts • Pizza,PIZZAS CRÈME FRAICHE,Champignon frais crème fraiche,750 DA,PIZZA
Pizza Nostra Feu de Bois Cheraga,4.2 • $$ • Sucré - Desserts • Pizza,PIZZAS CRÈME FRAICHE,Pizza chèvre miel crème fraiche,790 DA,PIZZA
Pizza Nostra Feu de Bois Cheraga,4.2 • $$ • Sucré - Desserts • Pizza,PIZZAS CRÈME FRAICHE,Viande hachée crème fraiche,750 DA,PIZZA
Pizza Nostra Feu de Bois Cheraga,4.2 • $$ • Sucré - Desserts • Pizza,BOISSONS,Eau minérale,40 DA,BOISSONS
Pizza Nostra Feu de Bois Cheraga,4.2 • $$ • Sucré - Desserts • Pizza,BOISSONS,(50CL),100 DA,BOISSONS
Pizza Nostra Feu de Bois Cheraga,4.2 • $$ • Sucré - Desserts • Pizza,BOISSONS,Coca cola,100 DA,BOISSONS
Pizza Nostra Feu de Bois Cheraga,4.2 • $$ • Sucré - Desserts • Pizza,BOISSONS,Sprite,100 DA,BOISSONS
Anes Food Family,4.4 • $ • Burger • Café • Chawarma • Crêpes • Gaufres • pâtes • Salades • Sandwichs • Sucré - Desserts • Tacos • Pizza,ENTRÉES FROIDES,Salade varié,300 DA,ENTREES
Anes Food Family,4.4 • $ • Burger • Café • Chawarma • Crêpes • Gaufres • pâtes • Salades • Sandwichs • Sucré - Desserts • Tacos • Pizza,ENTRÉES FROIDES,Salade orientale + bourek,400 DA,ENTREES
Anes Food Family,4.4 • $ • Burger • Café • Chawarma • Crêpes • Gaufres • pâtes • Salades • Sandwichs • Sucré - Desserts • Tacos • Pizza,ENTRÉES FROIDES,Salade de thon,500 DA,ENTREES
Anes Food Family,4.4 • $ • Burger • Café • Chawarma • Crêpes • Gaufres • pâtes • Salades • Sandwichs • Sucré - Desserts • Tacos • Pizza,ENTRÉES FROIDES,Salade césar,650 DA,ENTREES
Anes Food Family,4.4 • $ • Burger • Café • Chawarma • Crêpes • Gaufres • pâtes • Salades • Sandwichs • Sucré - Desserts • Tacos • Pizza,ENTRÉES FROIDES,Saladu chef,800 DA,ENTREES
Anes Food Family,4.4 • $ • Burger • Café • Chawarma • Crêpes • Gaufres • pâtes • Salades • Sandwichs • Sucré - Desserts • Tacos • Pizza,ENTRÉE CHAUDES,Soupe de lentille,300 DA,ENTREES
Anes Food Family,4.4 • $ • Burger • Café • Chawarma • Crêpes • Gaufres • pâtes • Salades • Sandwichs • Sucré - Desserts • Tacos • Pizza,ENTRÉE CHAUDES,Potage de légumes,300 DA,ENTREES
Anes Food Family,4.4 • $ • Burger • Café • Chawarma • Crêpes • Gaufres • pâtes • Salades • Sandwichs • Sucré - Desserts • Tacos • Pizza,ENTRÉE CHAUDES,Brik tunisien,400 DA,ENTREES
Anes Food Family,4.4 • $ • Burger • Café • Chawarma • Crêpes • Gaufres • pâtes • Salades • Sandwichs • Sucré - Desserts • Tacos • Pizza,ENTRÉE CHAUDES,Omelette végétarienne,300 DA,ENTREES
Anes Food Family,4.4 • $ • Burger • Café • Chawarma • Crêpes • Gaufres • pâtes • Salades • Sandwichs • Sucré - Desserts • Tacos • Pizza,ENTRÉE CHAUDES,Omelette quatre fromage,400 DA,ENTREES
Anes Food Family,4.4 • $ • Burger • Café • Chawarma • Crêpes • Gaufres • pâtes • Salades • Sandwichs • Sucré - Desserts • Tacos • Pizza,ENTRÉE CHAUDES,Omelette saumon,500 DA,ENTREES
Anes Food Family,4.4 • $ • Burger • Café • Chawarma • Crêpes • Gaufres • pâtes • Salades • Sandwichs • Sucré - Desserts • Tacos • Pizza,ENTRÉE CHAUDES,Omelette anes,600 DA,ENTREES
Anes Food Family,4.4 • $ • Burger • Café • Chawarma • Crêpes • Gaufres • pâtes • Salades • Sandwichs • Sucré - Desserts • Tacos • Pizza,NOS PÂTES,Spaghetti bolognaise,700 DA,PATES
Anes Food Family,4.4 • $ • Burger • Café • Chawarma • Crêpes • Gaufres • pâtes • Salades • Sandwichs • Sucré - Desserts • Tacos • Pizza,NOS PÂTES,Pasta quatre fromage,700 DA,PATES
Anes Food Family,4.4 • $ • Burger • Café • Chawarma • Crêpes • Gaufres • pâtes • Salades • Sandwichs • Sucré - Desserts • Tacos • Pizza,NOS PÂTES,Tagliatelle poulet champignons,750 DA,PATES
Anes Food Family,4.4 • $ • Burger • Café • Chawarma • Crêpes • Gaufres • pâtes • Salades • Sandwichs • Sucré - Desserts • Tacos • Pizza,NOS PÂTES,Tagliatelle au saumon,950 DA,PATES
Anes Food Family,4.4 • $ • Burger • Café • Chawarma • Crêpes • Gaufres • pâtes • Salades • Sandwichs • Sucré - Desserts • Tacos • Pizza,NOS PLATS,Plat chawarma poulet,700 DA, PLATS
Anes Food Family,4.4 • $ • Burger • Café • Chawarma • Crêpes • Gaufres • pâtes • Salades • Sandwichs • Sucré - Desserts • Tacos • Pizza,NOS PLATS,Plat escalope de poulet,700 DA, PLATS
Anes Food Family,4.4 • $ • Burger • Café • Chawarma • Crêpes • Gaufres • pâtes • Salades • Sandwichs • Sucré - Desserts • Tacos • Pizza,NOS PLATS,Cuisse de poulet mariné,800 DA, PLATS
Anes Food Family,4.4 • $ • Burger • Café • Chawarma • Crêpes • Gaufres • pâtes • Salades • Sandwichs • Sucré - Desserts • Tacos • Pizza,NOS PLATS,Plat escalope milanaise,850 DA, PLATS
Anes Food Family,4.4 • $ • Burger • Café • Chawarma • Crêpes • Gaufres • pâtes • Salades • Sandwichs • Sucré - Desserts • Tacos • Pizza,NOS PLATS,Plat escalope normande,850 DA, PLATS
Anes Food Family,4.4 • $ • Burger • Café • Chawarma • Crêpes • Gaufres • pâtes • Salades • Sandwichs • Sucré - Desserts • Tacos • Pizza,NOS PLATS,Plat chich taouk,850 DA, PLATS
Anes Food Family,4.4 • $ • Burger • Café • Chawarma • Crêpes • Gaufres • pâtes • Salades • Sandwichs • Sucré - Desserts • Tacos • Pizza,NOS PLATS,Plat escalope de poulet gratiné,950 DA, PLATS
Anes Food Family,4.4 • $ • Burger • Café • Chawarma • Crêpes • Gaufres • pâtes • Salades • Sandwichs • Sucré - Desserts • Tacos • Pizza,NOS PLATS,Suprême de poulet au curry,850 DA, PLATS
Anes Food Family,4.4 • $ • Burger • Café • Chawarma • Crêpes • Gaufres • pâtes • Salades • Sandwichs • Sucré - Desserts • Tacos • Pizza,NOS PLATS,Poulet KFC,900 DA, PLATS
Anes Food Family,4.4 • $ • Burger • Café • Chawarma • Crêpes • Gaufres • pâtes • Salades • Sandwichs • Sucré - Desserts • Tacos • Pizza,NOS PLATS,Plat cordon bleu,950 DA, PLATS
Anes Food Family,4.4 • $ • Burger • Café • Chawarma • Crêpes • Gaufres • pâtes • Salades • Sandwichs • Sucré - Desserts • Tacos • Pizza,NOS PLATS,Cuisse de poulet gratinée,950 DA, PLATS
Anes Food Family,4.4 • $ • Burger • Café • Chawarma • Crêpes • Gaufres • pâtes • Salades • Sandwichs • Sucré - Desserts • Tacos • Pizza,NOS PLATS,Plat chich kebab,900 DA, PLATS
Anes Food Family,4.4 • $ • Burger • Café • Chawarma • Crêpes • Gaufres • pâtes • Salades • Sandwichs • Sucré - Desserts • Tacos • Pizza,NOS PLATS,Steak haché à la crème,900 DA, PLATS
Anes Food Family,4.4 • $ • Burger • Café • Chawarma • Crêpes • Gaufres • pâtes • Salades • Sandwichs • Sucré - Desserts • Tacos • Pizza,NOS PLATS,Steak haché à cheval,900 DA, PLATS
Anes Food Family,4.4 • $ • Burger • Café • Chawarma • Crêpes • Gaufres • pâtes • Salades • Sandwichs • Sucré - Desserts • Tacos • Pizza,NOS PLATS,Entrecôte grillé,1.200 DA, PLATS
Anes Food Family,4.4 • $ • Burger • Café • Chawarma • Crêpes • Gaufres • pâtes • Salades • Sandwichs • Sucré - Desserts • Tacos • Pizza,NOS PLATS,Plat spécial anes food,1.500 DA, PLATS
Anes Food Family,4.4 • $ • Burger • Café • Chawarma • Crêpes • Gaufres • pâtes • Salades • Sandwichs • Sucré - Desserts • Tacos • Pizza,NOS PLATS,Foie de veau grillée,1.500 DA, PLATS
Anes Food Family,4.4 • $ • Burger • Café • Chawarma • Crêpes • Gaufres • pâtes • Salades • Sandwichs • Sucré - Desserts • Tacos • Pizza,NOS SANDWICHS,Sandwich chawarma,250 DA,SANDWICHS
Anes Food Family,4.4 • $ • Burger • Café • Chawarma • Crêpes • Gaufres • pâtes • Salades • Sandwichs • Sucré - Desserts • Tacos • Pizza,NOS SANDWICHS,Sandwich escalope de poulet,250 DA,SANDWICHS
Anes Food Family,4.4 • $ • Burger • Café • Chawarma • Crêpes • Gaufres • pâtes • Salades • Sandwichs • Sucré - Desserts • Tacos • Pizza,NOS SANDWICHS,Sandwich viande hachée,250 DA,SANDWICHS
Anes Food Family,4.4 • $ • Burger • Café • Chawarma • Crêpes • Gaufres • pâtes • Salades • Sandwichs • Sucré - Desserts • Tacos • Pizza,NOS SANDWICHS,Sandwich 3 fromage,250 DA,SANDWICHS
Anes Food Family,4.4 • $ • Burger • Café • Chawarma • Crêpes • Gaufres • pâtes • Salades • Sandwichs • Sucré - Desserts • Tacos • Pizza,NOS SANDWICHS,Sandwich poulet curry,300 DA,SANDWICHS
Anes Food Family,4.4 • $ • Burger • Café • Chawarma • Crêpes • Gaufres • pâtes • Salades • Sandwichs • Sucré - Desserts • Tacos • Pizza,NOS SANDWICHS,Sandwich poulet mexicain,300 DA,SANDWICHS
Anes Food Family,4.4 • $ • Burger • Café • Chawarma • Crêpes • Gaufres • pâtes • Salades • Sandwichs • Sucré - Desserts • Tacos • Pizza,NOS SANDWICHS,Sandwich escalope à la crème,300 DA,SANDWICHS
Anes Food Family,4.4 • $ • Burger • Café • Chawarma • Crêpes • Gaufres • pâtes • Salades • Sandwichs • Sucré - Desserts • Tacos • Pizza,NOS SANDWICHS,Sandwich crispy,350 DA,SANDWICHS
Anes Food Family,4.4 • $ • Burger • Café • Chawarma • Crêpes • Gaufres • pâtes • Salades • Sandwichs • Sucré - Desserts • Tacos • Pizza,NOS SANDWICHS,Sandwich américain,400 DA,SANDWICHS
Anes Food Family,4.4 • $ • Burger • Café • Chawarma • Crêpes • Gaufres • pâtes • Salades • Sandwichs • Sucré - Desserts • Tacos • Pizza,NOS SANDWICHS,Fajitas,400 DA,SANDWICHS
Anes Food Family,4.4 • $ • Burger • Café • Chawarma • Crêpes • Gaufres • pâtes • Salades • Sandwichs • Sucré - Desserts • Tacos • Pizza,NOS SANDWICHS,Sandwich mariné,250 DA,SANDWICHS
Anes Food Family,4.4 • $ • Burger • Café • Chawarma • Crêpes • Gaufres • pâtes • Salades • Sandwichs • Sucré - Desserts • Tacos • Pizza,NOS SANDWICHS,Sandwich kebab,300 DA,SANDWICHS
Anes Food Family,4.4 • $ • Burger • Café • Chawarma • Crêpes • Gaufres • pâtes • Salades • Sandwichs • Sucré - Desserts • Tacos • Pizza,NOS SANDWICHS,Steak,400 DA,SANDWICHS
Anes Food Family,4.4 • $ • Burger • Café • Chawarma • Crêpes • Gaufres • pâtes • Salades • Sandwichs • Sucré - Desserts • Tacos • Pizza,NOS SANDWICHS,Foie de veau,450 DA,SANDWICHS
Anes Food Family,4.4 • $ • Burger • Café • Chawarma • Crêpes • Gaufres • pâtes • Salades • Sandwichs • Sucré - Desserts • Tacos • Pizza,NOS BURGERS,Cheese burger,200 DA,BURGER
Anes Food Family,4.4 • $ • Burger • Café • Chawarma • Crêpes • Gaufres • pâtes • Salades • Sandwichs • Sucré - Desserts • Tacos • Pizza,NOS BURGERS,Chicken burger,200 DA,BURGER
Anes Food Family,4.4 • $ • Burger • Café • Chawarma • Crêpes • Gaufres • pâtes • Salades • Sandwichs • Sucré - Desserts • Tacos • Pizza,NOS BURGERS,Cris-burger,250 DA,BURGER
Anes Food Family,4.4 • $ • Burger • Café • Chawarma • Crêpes • Gaufres • pâtes • Salades • Sandwichs • Sucré - Desserts • Tacos • Pizza,NOS BURGERS,Big burger,300 DA,BURGER
Anes Food Family,4.4 • $ • Burger • Café • Chawarma • Crêpes • Gaufres • pâtes • Salades • Sandwichs • Sucré - Desserts • Tacos • Pizza,NOS BURGERS,Big américain,450 DA,BURGER
Anes Food Family,4.4 • $ • Burger • Café • Chawarma • Crêpes • Gaufres • pâtes • Salades • Sandwichs • Sucré - Desserts • Tacos • Pizza,NOS BURGERS,Burger anes,600 DA,BURGER
Anes Food Family,4.4 • $ • Burger • Café • Chawarma • Crêpes • Gaufres • pâtes • Salades • Sandwichs • Sucré - Desserts • Tacos • Pizza,NOS BURGERS,Double cheese burger,350 DA,BURGER
Anes Food Family,4.4 • $ • Burger • Café • Chawarma • Crêpes • Gaufres • pâtes • Salades • Sandwichs • Sucré - Desserts • Tacos • Pizza,NOS PANINIS,Panini escalope,200 DA,PANINIS
Anes Food Family,4.4 • $ • Burger • Café • Chawarma • Crêpes • Gaufres • pâtes • Salades • Sandwichs • Sucré - Desserts • Tacos • Pizza,NOS PANINIS,Panini viande,200 DA,PANINIS
Anes Food Family,4.4 • $ • Burger • Café • Chawarma • Crêpes • Gaufres • pâtes • Salades • Sandwichs • Sucré - Desserts • Tacos • Pizza,NOS PANINIS,Panini thon,250 DA,PANINIS
Anes Food Family,4.4 • $ • Burger • Café • Chawarma • Crêpes • Gaufres • pâtes • Salades • Sandwichs • Sucré - Desserts • Tacos • Pizza,NOS PANINIS,Panini 3 fromage,250 DA,PANINIS
Anes Food Family,4.4 • $ • Burger • Café • Chawarma • Crêpes • Gaufres • pâtes • Salades • Sandwichs • Sucré - Desserts • Tacos • Pizza,NOS TACOS,Tacos poulet,450 DA,TACOS
Anes Food Family,4.4 • $ • Burger • Café • Chawarma • Crêpes • Gaufres • pâtes • Salades • Sandwichs • Sucré - Desserts • Tacos • Pizza,NOS TACOS,Tacos viande,500 DA,TACOS
Anes Food Family,4.4 • $ • Burger • Café • Chawarma • Crêpes • Gaufres • pâtes • Salades • Sandwichs • Sucré - Desserts • Tacos • Pizza,NOS TACOS,Tacos chawarma poulet,500 DA,TACOS
Anes Food Family,4.4 • $ • Burger • Café • Chawarma • Crêpes • Gaufres • pâtes • Salades • Sandwichs • Sucré - Desserts • Tacos • Pizza,NOS TACOS,Tacos curry,500 DA,TACOS
Anes Food Family,4.4 • $ • Burger • Café • Chawarma • Crêpes • Gaufres • pâtes • Salades • Sandwichs • Sucré - Desserts • Tacos • Pizza,NOS TACOS,Tacos mexicain,500 DA,TACOS
Anes Food Family,4.4 • $ • Burger • Café • Chawarma • Crêpes • Gaufres • pâtes • Salades • Sandwichs • Sucré - Desserts • Tacos • Pizza,NOS TACOS,Tacos escalope à la crème,500 DA,TACOS
Anes Food Family,4.4 • $ • Burger • Café • Chawarma • Crêpes • Gaufres • pâtes • Salades • Sandwichs • Sucré - Desserts • Tacos • Pizza,NOS TACOS,Tacos crispy,550 DA,TACOS
Anes Food Family,4.4 • $ • Burger • Café • Chawarma • Crêpes • Gaufres • pâtes • Salades • Sandwichs • Sucré - Desserts • Tacos • Pizza,NOS TACOS,Tacos mixte,550 DA,TACOS
Anes Food Family,4.4 • $ • Burger • Café • Chawarma • Crêpes • Gaufres • pâtes • Salades • Sandwichs • Sucré - Desserts • Tacos • Pizza,NOS TACOS,Tacos quatre fromage,550 DA,TACOS
Anes Food Family,4.4 • $ • Burger • Café • Chawarma • Crêpes • Gaufres • pâtes • Salades • Sandwichs • Sucré - Desserts • Tacos • Pizza,NOS TACOS,Tacos anes,700 DA,TACOS
Anes Food Family,4.4 • $ • Burger • Café • Chawarma • Crêpes • Gaufres • pâtes • Salades • Sandwichs • Sucré - Desserts • Tacos • Pizza,NOS PIZZAS,Pizza marguerite,300 DA,PIZZA
Anes Food Family,4.4 • $ • Burger • Café • Chawarma • Crêpes • Gaufres • pâtes • Salades • Sandwichs • Sucré - Desserts • Tacos • Pizza,NOS PIZZAS,Pizza napolitaine,450 DA,PIZZA
Anes Food Family,4.4 • $ • Burger • Café • Chawarma • Crêpes • Gaufres • pâtes • Salades • Sandwichs • Sucré - Desserts • Tacos • Pizza,NOS PIZZAS,Pizza bolognaise,500 DA,PIZZA
Anes Food Family,4.4 • $ • Burger • Café • Chawarma • Crêpes • Gaufres • pâtes • Salades • Sandwichs • Sucré - Desserts • Tacos • Pizza,NOS PIZZAS,Pizza paysanne,500 DA,PIZZA
Anes Food Family,4.4 • $ • Burger • Café • Chawarma • Crêpes • Gaufres • pâtes • Salades • Sandwichs • Sucré - Desserts • Tacos • Pizza,NOS PIZZAS,Pizza algéroise,550 DA,PIZZA
Anes Food Family,4.4 • $ • Burger • Café • Chawarma • Crêpes • Gaufres • pâtes • Salades • Sandwichs • Sucré - Desserts • Tacos • Pizza,NOS PIZZAS,Pizza marine,550 DA,PIZZA
Anes Food Family,4.4 • $ • Burger • Café • Chawarma • Crêpes • Gaufres • pâtes • Salades • Sandwichs • Sucré - Desserts • Tacos • Pizza,NOS PIZZAS,Pizza végétarienne,550 DA,PIZZA
Anes Food Family,4.4 • $ • Burger • Café • Chawarma • Crêpes • Gaufres • pâtes • Salades • Sandwichs • Sucré - Desserts • Tacos • Pizza,NOS PIZZAS,Pizza curry,600 DA,PIZZA
Anes Food Family,4.4 • $ • Burger • Café • Chawarma • Crêpes • Gaufres • pâtes • Salades • Sandwichs • Sucré - Desserts • Tacos • Pizza,NOS PIZZAS,Pizza regina,600 DA,PIZZA
Anes Food Family,4.4 • $ • Burger • Café • Chawarma • Crêpes • Gaufres • pâtes • Salades • Sandwichs • Sucré - Desserts • Tacos • Pizza,NOS PIZZAS,Pizza fumée,650 DA,PIZZA
Anes Food Family,4.4 • $ • Burger • Café • Chawarma • Crêpes • Gaufres • pâtes • Salades • Sandwichs • Sucré - Desserts • Tacos • Pizza,NOS PIZZAS,Pizza rôti,650 DA,PIZZA
Anes Food Family,4.4 • $ • Burger • Café • Chawarma • Crêpes • Gaufres • pâtes • Salades • Sandwichs • Sucré - Desserts • Tacos • Pizza,NOS PIZZAS,Pizza crémière,650 DA,PIZZA
Anes Food Family,4.4 • $ • Burger • Café • Chawarma • Crêpes • Gaufres • pâtes • Salades • Sandwichs • Sucré - Desserts • Tacos • Pizza,NOS PIZZAS,Pizza 3 fromage,650 DA,PIZZA
Anes Food Family,4.4 • $ • Burger • Café • Chawarma • Crêpes • Gaufres • pâtes • Salades • Sandwichs • Sucré - Desserts • Tacos • Pizza,NOS PIZZAS,Pizza milanaise,700 DA,PIZZA
Anes Food Family,4.4 • $ • Burger • Café • Chawarma • Crêpes • Gaufres • pâtes • Salades • Sandwichs • Sucré - Desserts • Tacos • Pizza,NOS PIZZAS,Pizza saumon,800 DA,PIZZA
Anes Food Family,4.4 • $ • Burger • Café • Chawarma • Crêpes • Gaufres • pâtes • Salades • Sandwichs • Sucré - Desserts • Tacos • Pizza,NOS PIZZAS,Pizza royal,800 DA,PIZZA
Anes Food Family,4.4 • $ • Burger • Café • Chawarma • Crêpes • Gaufres • pâtes • Salades • Sandwichs • Sucré - Desserts • Tacos • Pizza,NOS PIZZAS,Pizza anes food,1.000 DA,PIZZA
Anes Food Family,4.4 • $ • Burger • Café • Chawarma • Crêpes • Gaufres • pâtes • Salades • Sandwichs • Sucré - Desserts • Tacos • Pizza,NOS PIZZAS,Calzone,400 DA,PIZZA
Anes Food Family,4.4 • $ • Burger • Café • Chawarma • Crêpes • Gaufres • pâtes • Salades • Sandwichs • Sucré - Desserts • Tacos • Pizza,NOS PIZZAS,Pizza-wich ANES,450 DA,PIZZA
Anes Food Family,4.4 • $ • Burger • Café • Chawarma • Crêpes • Gaufres • pâtes • Salades • Sandwichs • Sucré - Desserts • Tacos • Pizza,NOS BOISSONS,Soda,50 DA,BOISSONS
Anes Food Family,4.4 • $ • Burger • Café • Chawarma • Crêpes • Gaufres • pâtes • Salades • Sandwichs • Sucré - Desserts • Tacos • Pizza,NOS BOISSONS,(33 CL),80 DA,BOISSONS
Anes Food Family,4.4 • $ • Burger • Café • Chawarma • Crêpes • Gaufres • pâtes • Salades • Sandwichs • Sucré - Desserts • Tacos • Pizza,NOS BOISSONS,Jus,100 DA,BOISSONS
Anes Food Family,4.4 • $ • Burger • Café • Chawarma • Crêpes • Gaufres • pâtes • Salades • Sandwichs • Sucré - Desserts • Tacos • Pizza,NOS BOISSONS,Soda,50 DA,BOISSONS
Anes Food Family,4.4 • $ • Burger • Café • Chawarma • Crêpes • Gaufres • pâtes • Salades • Sandwichs • Sucré - Desserts • Tacos • Pizza,NOS BOISSONS,Eau minéral,100 DA,BOISSONS
Anes Food Family,4.4 • $ • Burger • Café • Chawarma • Crêpes • Gaufres • pâtes • Salades • Sandwichs • Sucré - Desserts • Tacos • Pizza,NOS BOISSONS,Canette,50 DA,BOISSONS
Anes Food Family,4.4 • $ • Burger • Café • Chawarma • Crêpes • Gaufres • pâtes • Salades • Sandwichs • Sucré - Desserts • Tacos • Pizza,NOS BOISSONS CHAUDES,Eau gazeuse,50 DA,BOISSONS
Anes Food Family,4.4 • $ • Burger • Café • Chawarma • Crêpes • Gaufres • pâtes • Salades • Sandwichs • Sucré - Desserts • Tacos • Pizza,NOS BOISSONS CHAUDES,Thé maison,100 DA,BOISSONS
Anes Food Family,4.4 • $ • Burger • Café • Chawarma • Crêpes • Gaufres • pâtes • Salades • Sandwichs • Sucré - Desserts • Tacos • Pizza,NOS BOISSONS CHAUDES,Thé infusion,100 DA,BOISSONS
Anes Food Family,4.4 • $ • Burger • Café • Chawarma • Crêpes • Gaufres • pâtes • Salades • Sandwichs • Sucré - Desserts • Tacos • Pizza,NOS BOISSONS CHAUDES,Café,150 DA,BOISSONS
Anes Food Family,4.4 • $ • Burger • Café • Chawarma • Crêpes • Gaufres • pâtes • Salades • Sandwichs • Sucré - Desserts • Tacos • Pizza,NOS BOISSONS CHAUDES,Café au lait,200 DA,BOISSONS
Anes Food Family,4.4 • $ • Burger • Café • Chawarma • Crêpes • Gaufres • pâtes • Salades • Sandwichs • Sucré - Desserts • Tacos • Pizza,NOS BOISSONS CHAUDES,Nespresso,300 DA,BOISSONS
Anes Food Family,4.4 • $ • Burger • Café • Chawarma • Crêpes • Gaufres • pâtes • Salades • Sandwichs • Sucré - Desserts • Tacos • Pizza,NOS BOISSONS CHAUDES,Cappuccino,300 DA,BOISSONS
La Cité Asiatique,4.2 • $$$ • Sushi • Thai • Cuisine Asiatique,NOS ENTRÉES,Salade du jour,550 DA,ENTREES
La Cité Asiatique,4.2 • $$$ • Sushi • Thai • Cuisine Asiatique,NOS ENTRÉES,Nems au poulet,550 DA,ENTREES
La Cité Asiatique,4.2 • $$$ • Sushi • Thai • Cuisine Asiatique,NOS ENTRÉES,Soupe thai tom yum,600 DA,ENTREES
La Cité Asiatique,4.2 • $$$ • Sushi • Thai • Cuisine Asiatique,NOS ENTRÉES,Soupe thai tom kha kai,650 DA,ENTREES
La Cité Asiatique,4.2 • $$$ • Sushi • Thai • Cuisine Asiatique,NOS ENTRÉES,Salade thai,750 DA,ENTREES
La Cité Asiatique,4.2 • $$$ • Sushi • Thai • Cuisine Asiatique,NOS MAKI,Maki 12Pcs,1.200 DA,THAI
La Cité Asiatique,4.2 • $$$ • Sushi • Thai • Cuisine Asiatique,NOS MAKI,(12 Végétariens.),1.500 DA,THAI
La Cité Asiatique,4.2 • $$$ • Sushi • Thai • Cuisine Asiatique,NOS MAKI,Maki 12Pcs,1.600 DA,THAI
La Cité Asiatique,4.2 • $$$ • Sushi • Thai • Cuisine Asiatique,NOS MAKI,"(06 Saumons, 06 Avocats cheese.)",1.600 DA,THAI
La Cité Asiatique,4.2 • $$$ • Sushi • Thai • Cuisine Asiatique,NOS FUTOMAKI,Maki 12Pcs,1.600 DA,THAI
La Cité Asiatique,4.2 • $$$ • Sushi • Thai • Cuisine Asiatique,NOS FUTOMAKI,(12 Saumons),1.600 DA,THAI
La Cité Asiatique,4.2 • $$$ • Sushi • Thai • Cuisine Asiatique,NOS CALIFORNIA ROLL,Maki 12Pcs,1.400 DA,THAI
La Cité Asiatique,4.2 • $$$ • Sushi • Thai • Cuisine Asiatique,NOS CALIFORNIA ROLL,"(06 Dorades, 06 Surimis.)",1.400 DA,THAI
La Cité Asiatique,4.2 • $$$ • Sushi • Thai • Cuisine Asiatique,NOS CALIFORNIA ROLL,Futomaki Saumon,1.500 DA,THAI
La Cité Asiatique,4.2 • $$$ • Sushi • Thai • Cuisine Asiatique,NOS CALIFORNIA ROLL,Crunchy Futomaki,1.600 DA,THAI
La Cité Asiatique,4.2 • $$$ • Sushi • Thai • Cuisine Asiatique,NOS CALIFORNIA ROLL,Fresh salmon,1.600 DA,THAI
La Cité Asiatique,4.2 • $$$ • Sushi • Thai • Cuisine Asiatique,NOS SPECIAL ROLL,Vegetarien,1.600 DA,THAI
La Cité Asiatique,4.2 • $$$ • Sushi • Thai • Cuisine Asiatique,NOS SPECIAL ROLL,Salmon cheese,1.600 DA,THAI
La Cité Asiatique,4.2 • $$$ • Sushi • Thai • Cuisine Asiatique,NOS MIX BOX,Tiger roll,1.600 DA, MIX BOX
La Cité Asiatique,4.2 • $$$ • Sushi • Thai • Cuisine Asiatique,NOS MIX BOX,Crunchy roll,1.800 DA, MIX BOX
La Cité Asiatique,4.2 • $$$ • Sushi • Thai • Cuisine Asiatique,NOS MIX BOX,Salmon roll,2.800 DA, MIX BOX
La Cité Asiatique,4.2 • $$$ • Sushi • Thai • Cuisine Asiatique,NOS MIX BOX,Crunchy,3.800 DA, MIX BOX
La Cité Asiatique,4.2 • $$$ • Sushi • Thai • Cuisine Asiatique,NOS SASHIMI,Mix 08,1.800 DA,THAI
La Cité Asiatique,4.2 • $$$ • Sushi • Thai • Cuisine Asiatique,NOS SASHIMI,Mix 10,1.800 DA,THAI
La Cité Asiatique,4.2 • $$$ • Sushi • Thai • Cuisine Asiatique,"NOS SPÉCIALISTES THAÏ
Tout nos plats sont accompagnés de légumes.",Mix 16,1.000 DA,PATES
La Cité Asiatique,4.2 • $$$ • Sushi • Thai • Cuisine Asiatique,"NOS SPÉCIALISTES THAÏ
Tout nos plats sont accompagnés de légumes.",Mix 23,1.200 DA,PATES
Central Up,3.7 • $ • Burger • Pizza • Sandwichs • Tacos,BURGERS,Cheeseburger,200 DA,BURGER
Central Up,3.7 • $ • Burger • Pizza • Sandwichs • Tacos,BURGERS,Le double cheese,400 DA,BURGER
Central Up,3.7 • $ • Burger • Pizza • Sandwichs • Tacos,BURGERS,Le triple burger,550 DA,BURGER
Central Up,3.7 • $ • Burger • Pizza • Sandwichs • Tacos,BURGERS,Le chicken,300 DA,BURGER
Central Up,3.7 • $ • Burger • Pizza • Sandwichs • Tacos,BURGERS,Le double chicken,450 DA,BURGER
Central Up,3.7 • $ • Burger • Pizza • Sandwichs • Tacos,BURGERS,Le country,500 DA,BURGER
Central Up,3.7 • $ • Burger • Pizza • Sandwichs • Tacos,BURGERS,Le royal,350 DA,BURGER
Central Up,3.7 • $ • Burger • Pizza • Sandwichs • Tacos,BURGERS,Le best,450 DA,BURGER
Central Up,3.7 • $ • Burger • Pizza • Sandwichs • Tacos,BURGERS,(Solo),450 DA,BURGER
Central Up,3.7 • $ • Burger • Pizza • Sandwichs • Tacos,BURGERS,Le savoyard,590 DA,BURGER
Central Up,3.7 • $ • Burger • Pizza • Sandwichs • Tacos,BURGERS,Le double best,590 DA,BURGER
Central Up,3.7 • $ • Burger • Pizza • Sandwichs • Tacos,TACOS,Le double savoyard,450 DA,TACOS
Central Up,3.7 • $ • Burger • Pizza • Sandwichs • Tacos,TACOS,Composez votre tacos,650 DA,TACOS
Central Up,3.7 • $ • Burger • Pizza • Sandwichs • Tacos,TACOS,Le tacos raclette,600 DA,TACOS
Central Up,3.7 • $ • Burger • Pizza • Sandwichs • Tacos,TACOS,Le tacos boursin,50 DA,TACOS
Central Up,3.7 • $ • Burger • Pizza • Sandwichs • Tacos,TACOS,Jambon de dinde,50 DA,TACOS
Central Up,3.7 • $ • Burger • Pizza • Sandwichs • Tacos,TACOS,Oeuf,150 DA,TACOS
Central Up,3.7 • $ • Burger • Pizza • Sandwichs • Tacos,TACOS,Raclette,100 DA,TACOS
Central Up,3.7 • $ • Burger • Pizza • Sandwichs • Tacos,TACOS,Gruyère,50 DA,TACOS
Central Up,3.7 • $ • Burger • Pizza • Sandwichs • Tacos,TACOS,Cheddar,50 DA,TACOS
Central Up,3.7 • $ • Burger • Pizza • Sandwichs • Tacos,TACOS,Vache qui rit,150 DA,TACOS
Central Up,3.7 • $ • Burger • Pizza • Sandwichs • Tacos,TACOS,Sauce fromagère,200 DA,TACOS
Central Up,3.7 • $ • Burger • Pizza • Sandwichs • Tacos,TACOS,Viande hachée,200 DA,TACOS
Central Up,3.7 • $ • Burger • Pizza • Sandwichs • Tacos,SALADES,Escalopes,240 DA,SALADES
Central Up,3.7 • $ • Burger • Pizza • Sandwichs • Tacos,SALADES,Salade césar,240 DA,SALADES
Central Up,3.7 • $ • Burger • Pizza • Sandwichs • Tacos,NOTRE SÉLÉCTION DE SANDWICHS,Salade Niçoise,400 DA,SANDWICHS
Central Up,3.7 • $ • Burger • Pizza • Sandwichs • Tacos,NOTRE SÉLÉCTION DE SANDWICHS,L'Algérois,450 DA,SANDWICHS
Central Up,3.7 • $ • Burger • Pizza • Sandwichs • Tacos,NOTRE SÉLÉCTION DE SANDWICHS,Le 3 fromages,350 DA,SANDWICHS
Central Up,3.7 • $ • Burger • Pizza • Sandwichs • Tacos,NOTRE SÉLÉCTION DE SANDWICHS,Le curry,480 DA,SANDWICHS
Central Up,3.7 • $ • Burger • Pizza • Sandwichs • Tacos,NOTRE SÉLÉCTION DE SANDWICHS,Le fameux,450 DA,SANDWICHS
Central Up,3.7 • $ • Burger • Pizza • Sandwichs • Tacos,NOTRE SÉLÉCTION DE SANDWICHS,Le hummer,500 DA,SANDWICHS
Central Up,3.7 • $ • Burger • Pizza • Sandwichs • Tacos,NOTRE SÉLÉCTION DE SANDWICHS,Le mixte,450 DA,SANDWICHS
Central Up,3.7 • $ • Burger • Pizza • Sandwichs • Tacos,NOTRE SÉLÉCTION DE SANDWICHS,Le tandoori,700 DA,SANDWICHS
Central Up,3.7 • $ • Burger • Pizza • Sandwichs • Tacos,NOTRE SÉLÉCTION DE SANDWICHS,Le wapper,520 DA,SANDWICHS
Central Up,3.7 • $ • Burger • Pizza • Sandwichs • Tacos,PIZZAS,Le XXL,400 DA,PIZZA
Central Up,3.7 • $ • Burger • Pizza • Sandwichs • Tacos,PIZZAS,Pizza Margarita,600 DA,PIZZA
Central Up,3.7 • $ • Burger • Pizza • Sandwichs • Tacos,PIZZAS,Pizza végétarienne,500 DA,PIZZA
Central Up,3.7 • $ • Burger • Pizza • Sandwichs • Tacos,PIZZAS,Pizza Parisienne,600 DA,PIZZA
Central Up,3.7 • $ • Burger • Pizza • Sandwichs • Tacos,PIZZAS,Pizza orientale,650 DA,PIZZA
Central Up,3.7 • $ • Burger • Pizza • Sandwichs • Tacos,PIZZAS,Pizza buffalo,650 DA,PIZZA
Central Up,3.7 • $ • Burger • Pizza • Sandwichs • Tacos,PIZZAS,Pizza 4 fromages,500 DA,PIZZA
Central Up,3.7 • $ • Burger • Pizza • Sandwichs • Tacos,PIZZAS,Pizza chicken,600 DA,PIZZA
Central Up,3.7 • $ • Burger • Pizza • Sandwichs • Tacos,PIZZAS,Pizza reine,550 DA,PIZZA
Central Up,3.7 • $ • Burger • Pizza • Sandwichs • Tacos,PIZZAS,Pizza thon,900 DA,PIZZA
Central Up,3.7 • $ • Burger • Pizza • Sandwichs • Tacos,PIZZAS,Pizza fruits de mer,750 DA,PIZZA
Central Up,3.7 • $ • Burger • Pizza • Sandwichs • Tacos,PIZZAS,Pizza mixte,850 DA,PIZZA
Central Up,3.7 • $ • Burger • Pizza • Sandwichs • Tacos,PIZZAS,Pizza scandinave,750 DA,PIZZA
Central Up,3.7 • $ • Burger • Pizza • Sandwichs • Tacos,PIZZAS,La Kebab crème fraiche,950 DA,PIZZA
Central Up,3.7 • $ • Burger • Pizza • Sandwichs • Tacos,PIZZAS BLANCHES,La boisée kebab,650 DA,PIZZA
Central Up,3.7 • $ • Burger • Pizza • Sandwichs • Tacos,PIZZAS BLANCHES,Pizza paysanne,750 DA,PIZZA
Central Up,3.7 • $ • Burger • Pizza • Sandwichs • Tacos,PIZZAS BLANCHES,La chef,750 DA,PIZZA
Central Up,3.7 • $ • Burger • Pizza • Sandwichs • Tacos,PIZZAS BLANCHES,Pizza chèvre miel,750 DA,PIZZA
Central Up,3.7 • $ • Burger • Pizza • Sandwichs • Tacos,PIZZAS BLANCHES,Pizza Algérienne,750 DA,PIZZA
Central Up,3.7 • $ • Burger • Pizza • Sandwichs • Tacos,PIZZAS BLANCHES,Pizza Bollywood,750 DA,PIZZA
Central Up,3.7 • $ • Burger • Pizza • Sandwichs • Tacos,PIZZAS BLANCHES,Pizza Tandoori,850 DA,PIZZA
Central Up,3.7 • $ • Burger • Pizza • Sandwichs • Tacos,PIZZAS BLANCHES,Pizza boisée,850 DA,PIZZA
Central Up,3.7 • $ • Burger • Pizza • Sandwichs • Tacos,PIZZAS BLANCHES,Pizza raclette,850 DA,PIZZA
Central Up,3.7 • $ • Burger • Pizza • Sandwichs • Tacos,SANDWICHS ROULÉS,Pizza Marseillaise,550 DA,SANDWICHS
Central Up,3.7 • $ • Burger • Pizza • Sandwichs • Tacos,SANDWICHS ROULÉS,Le curry roulé,700 DA,SANDWICHS
Central Up,3.7 • $ • Burger • Pizza • Sandwichs • Tacos,SANDWICHS ROULÉS,Le fameux roulé,700 DA,SANDWICHS
Central Up,3.7 • $ • Burger • Pizza • Sandwichs • Tacos,SANDWICHS ROULÉS,Le mixte roulé,750 DA,SANDWICHS
Central Up,3.7 • $ • Burger • Pizza • Sandwichs • Tacos,SANDWICHS ROULÉS,Le kebab roulé,600 DA,SANDWICHS
Central Up,3.7 • $ • Burger • Pizza • Sandwichs • Tacos,BOISSONS,L'Algérois roulé,100 DA,BOISSONS
Central Up,3.7 • $ • Burger • Pizza • Sandwichs • Tacos,BOISSONS,Coca Cola,100 DA,BOISSONS
Central Up,3.7 • $ • Burger • Pizza • Sandwichs • Tacos,BOISSONS,Fanta citron,100 DA,BOISSONS
Central Up,3.7 • $ • Burger • Pizza • Sandwichs • Tacos,BOISSONS,Fanta fraise,100 DA,BOISSONS
Central Up,3.7 • $ • Burger • Pizza • Sandwichs • Tacos,BOISSONS,Fanta pomme,100 DA,BOISSONS
Central Up,3.7 • $ • Burger • Pizza • Sandwichs • Tacos,BOISSONS,Rouiba excellence,100 DA,BOISSONS
Central Up,3.7 • $ • Burger • Pizza • Sandwichs • Tacos,BOISSONS,Sprite,100 DA,BOISSONS
