gender,description,price,stars,reduction
femme,s3 baskets oversize -blanc- rose-bleu,"4,200 DA",0.0,0.28
femme,capni baskets femme - tissu - noir,"1,599 DA",0.36,0.47
femme,baskets femme - tissu - blanc,"1,499 DA",0.38,0.5
femme,baskets femme - tissu - noir violet,"1,499 DA",0.43,0.5
femme,baskets femme - tissu - noir,"1,599 DA",0.35,0.47
femme,baskets femme - tissu - rose,"1,499 DA - 1,599 DA",0.38,0.43
femme,baskets femme - tissu - noir rouge,"1,599 DA",0.0,0.47
femme,love it basket femme - bleu nuit,"2,990 DA",0.5,0.5
femme,s3 baskets femme  - en tissu avec semelle compensée  - noir.,"3,200 DA",0.45,0.35
femme,qh shoes basket à enfiler en maille respirante pour femme- blanche,"3,200 DA",0.0,0.29
femme,s3 baskets tennis femme- en toile- noir,"3,500 DA",0.0,0.41
femme,adidas chaussures stan smith (unisexe),"6,800 DA",0.47000000000000003,0.31
femme,s3 baskets femme  - en tissu avec semelle compensée  - rose clair.,"3,200 DA",0.39,0.35
femme,baskets femme - tissu - rose,"1,599 DA",0.32999999999999996,0.47
femme,baskets femme - tissu - rouge,"1,499 DA",0.38,0.5
femme,s3 baskets oversize - blanche,"4,200 DA",0.4,0.28
femme,baskets femme - tissu - rose,"1,599 DA",0.38,0.47
femme,skechers basket femme - s128130/ccpr - gris,"7,700 DA",0.5,0.43
femme,capni baskets femme - tissu - rouge,"1,499 DA",0.39,0.4
femme,baskets femme - tissu - noir,"1,499 DA",0.3,0.5
femme,s3 baskets oversize - blanche et violet,"4,200 DA",0.0,0.32
femme,baskets femme - tissu - violet,"1,499 DA - 1,599 DA",0.39,0.5
femme,baskets femme - tissu - noir,"1,499 DA",0.3,0.5
femme,adidas basket femme advantage k - ef0212 - noir,"4,900 DA",0.44000000000000006,0.22
femme,s3 basket femme - simili cuir - blanche rose,"4,200 DA",0.43,0.32
femme,kalasity baby espadrilles bache bleu nuit a fleur femme,"1,200 DA",0.43,0.0
femme,s3 baskets oversize -beige et blanche,"4,200 DA",0.4,0.32
femme,baby espadrilles bache bleu ciel a fleur femme,990 DA,0.37,0.0
femme,s3 basket femme - simili cuir - beige et rose clair,"4,200 DA",0.5,0.32
femme,qh shoes basket à enfiler en maille respirante pour femme- bleu nuit,"3,200 DA",0.4,0.29
femme,s3 baskets oversize -beige / blanche,"4,200 DA",0.5,0.32
femme,s3 basket femme - simil cuir - beige,"5,900 DA",0.47000000000000003,0.0
femme,basket femme souple  - daim / tissu -blanc,"3,900 DA",0.42000000000000004,0.0
femme,baskets oversize,"3,200 DA",0.45,0.0
femme,tony-p baskets montante espadrilles en tissu pour femme noir,"3,650 DA",0.38,0.0
femme,tony-p baskets montante espadrilles en tissu pour femme bleu,"1,800 DA",0.37,0.51
femme,baskets femme - tissu - blanc,"1,099 DA - 2,300 DA",0.36,0.63
femme,s3 basket femme - simili cuir - blanc / beige,"5,900 DA",0.33999999999999997,0.0
femme,baskets femme - tissu - blanc,"1,499 DA",0.4,0.5
femme,basket pour femme,"1,850 DA",0.0,0.0
femme,s3 baskets oversize - blanche et moutarde,"4,200 DA",0.0,0.28
femme,s3 baskets oversize -blanche,"4,500 DA",0.48,0.27
femme,fashion&bella baskets oversize -rose clair -simili cuir,"3,900 DA",0.37,0.37
femme,nike basket femme star runner 2 glitter gg cd6831-041 - noir,"5,530 DA",0.45,0.3
femme,s3 baskets femme  - en tissu avec semelle compensée  - blanc,"3,200 DA",0.2,0.35
femme,s3 basket femme - simili cuir - blanche et violet,"4,200 DA",0.4,0.32
femme,tony-p espadrilles en bache pour femme noir et blanche et rose,"3,650 DA",0.5,0.0
femme,skechers basket femme - s128076/nvmt - bleu,"9,500 DA",0.5,0.0
femme,basket femme souple  - daim / tissu - noir /,"3,500 DA",0.32999999999999996,0.46
femme,adidas basket femme - eg4654 - noir,"10,800 DA",0.5,0.28
femme,basketss pour femme blanche et rose,"2,400 DA",0.5,0.47
femme,nike chaussure femme nike air max 720 - cw2537-500 - multicolore,"30,600 DA",0.0,0.0
femme,us polo chaussure femme blanc - 101032774.,"9,950 DA",0.5,0.0
femme,basket femme souple  - daim / tissu - noir /,"3,800 DA",0.1,0.0
femme,adidas basket femme - fv3139 - blanc,"9,400 DA",0.5,0.05
femme,adidas basket femme  -  fy8887 - multicouleur,"12,800 DA",0.48,0.0
femme,us polo chaussure femme noir - 101038422.,"10,990 DA",0.43,0.0
femme,star baby espadrilles bache rose et blanche a fleur,750 DA,0.4,0.0
femme,us polo baskets  femme_100301306,"4,380 DA - 4,500 DA",0.45,0.6
femme,us polo chaussure femme blanc - 101038412,"10,950 DA",0.5,0.0
femme,skechers basket femme - s149060/bkpr - multicouleur,"7,900 DA",0.0,0.25
femme,s3 basket femme effet peau de serpent -noir,"3,900 DA",0.37,0.32
femme,love it basket femme - gris,"3,200 DA",0.0,0.47
femme,us polo chaussure pour femme - bleu - 100349568/100249571,"3,925 DA",0.47000000000000003,0.5
femme,esmara basket pour femme - air&fresh - noir,"3,200 DA",0.0,0.3
femme,s3 baskets femme - en tissu - beige,"2,800 DA",0.42000000000000004,0.43
femme,s3 baskets femme a talon compensé - tissu - gris,"3,200 DA",0.42000000000000004,0.38
femme,basket pour femme,"3,250 DA",0.4,0.0
femme,"basket pour femme , à semelle épaisse décontracté – blanc","2,200 DA",0.4,0.24
femme,bella basket pour femme noir et blache et jaune,"1,700 DA",0.3,0.0
femme,nike basket nike react element 55    - cd2153 001 - gris\grand pointure,"12,500 DA",0.0,0.57
femme,baskets femme -blanche-,"3,900 DA",0.5,0.0
femme,us polo baskets  femme - rouge,"4,350 DA",0.4,0.45
femme,b3d shoes basket femme souple  - daim / tissu -blanc,"5,500 DA",0.5,0.0
femme,s3 baskets oversize -blanche et noir -simili cuir,"3,500 DA",0.38,0.41
femme,ideal shoes basket - simili cuir - blanc / rose,"4,800 DA",0.49000000000000005,0.0
femme,puma basket femme - flyer runner ultra confortable orthopédique tendance 2021 - noir,"8,900 DA",0.41,0.25
femme,baskets femme blanche et saumon,"2,800 DA",0.0,0.28
femme,basket femme blanche et bleu,"2,500 DA",0.0,0.36
femme,nike basket femme - cd4363-400 - bleu,"20,600 DA",0.1,0.0
femme,qh shoes basket à enfiler en maille respirante pour femme- saumon,"3,200 DA",0.0,0.29
femme,s3 basket montante femme tendance- blanc et rose,"3,990 DA",0.4,0.34
femme,er basket femme à platforme - orange / blanc,"2,190 DA",0.45,0.36
femme,b3d shoes basket femme souple  - daim / tissu - nude,"5,500 DA",0.0,0.0
femme,ideal shoes basket - simili cuir - blanc /  beige,"4,800 DA",0.5,0.0
femme,adidas chaussure femme originals equipment gazelle eqt ee5149,"12,800 DA",0.0,0.0
femme,megawell basket femme - souple et orthopédique - noir & blanc,"4,700 DA",0.5,0.0
femme,sport baskets femmes - noir,"3,500 DA",0.4,0.15
femme,baskets oversize,"2,900 DA",0.3,0.0
femme,basket femme - simili cuir / tissu - blanc / bleu,"3,200 DA",0.0,0.46
femme,basket a enfiler femme - noir.,"2,500 DA",0.3,0.58
femme,baskets femme -noir,"3,900 DA",0.0,0.0
femme,love it basket femme - beige,"2,990 DA",0.0,0.5
femme,er basket femme à platforme - jaune / blanc,"2,170 DA",0.47000000000000003,0.36
femme,us polo chaussure femme blanc - 101038439,"10,950 DA",0.0,0.0
femme,tongfei basket femme tongfei,"2,900 DA",0.0,0.0
femme,skechers basket femme - s155518/mlt - multicouleur,"11,900 DA",0.1,0.0
femme,girlhood basket femme - noir,"3,990 DA",0.0,0.33
femme,erynn basket femme a scratch - léopard / noir / blanc,"3,000 DA",0.0,0.25
femme,basket femme - simili cuir / tissu - blanc / rose,"3,800 DA",0.0,0.31
femme,tongfei basket femme tongfei,"2,900 DA",0.0,0.0
femme,bella baskets pour femme noir et blanche,"1,800 DA",0.0,0.58
femme,adidas basket femme vl court 2.0 sport et aventures tendance eg6155 - blanc et rose,"8,900 DA",0.48,0.0
femme,confomed basket femme - souple et orthopédique - rose,"4,200 DA",0.0,0.0
femme,us polo basketss femme - bleu ciel,"9,950 DA",0.0,0.0
femme,s3 basket femme - simili cuir / tissu - blanc / rose,"3,600 DA",0.42000000000000004,0.39
femme,fashion&bella basket femme simili cuir - blanc / jaune,"3,900 DA",0.5,0.13
femme,us polo basketss femme - blanc,"4,350 DA",0.32999999999999996,0.45
femme,basketss pour femme blanche et noir,"2,400 DA",0.35,0.47
femme,basketss pour femme blanche et beige,"2,400 DA",0.33999999999999997,0.47
femme,s3 baskets oversize simili cuir -blanche et verte,"3,200 DA",0.45,0.35
femme,esmara baskets – esmara – femme – noir,"3,000 DA",0.3,0.33
femme,killy basket femme souple  - daim / tissu - noir /beige,"3,800 DA",0.0,0.31
femme,megawell basket femme - souple et orthopédique - bleu & blanc,"4,700 DA",0.0,0.0
femme,megawell basket femme - souple et orthopédique - blanc,"4,700 DA",0.0,0.0
femme,kalasity baskets espadrilles en bache pour femme beige et doré et blanche,"1,700 DA",0.43,0.53
femme,adidas basket femme - fw8822 - noir,"14,900 DA",0.0,0.0
femme,b3d shoes basket pour femme  pink,"4,900 DA",0.0,0.42
femme,baskets femme  -  - rose clair.,"5,500 DA",0.0,0.0
femme,us polo chaussure femme noir - 101050756,"11,900 DA",0.0,0.0
femme,adidas 37 originals superstar 80s w noir,"10,620 DA",0.0,0.0
femme,girlhood basket femme - camel,"3,990 DA",0.0,0.33
femme,adidas basket femme - fw1646 - noir,"11,800 DA",0.0,0.0
femme,adidas baskets gazelle w rose,"10,620 DA",0.5,0.0
femme,girlhood basket femme - gris,"3,990 DA",0.0,0.33
femme,girlhood basket femme - noir,"3,990 DA",0.4,0.33
femme,bella basket pour femme noir et blache et rouge,"1,725 DA",0.5,0.6
femme,moow basket femme - argent,"2,500 DA",0.5,0.54
femme,baskets oversize,"2,900 DA",0.5,0.0
femme,adidas chaussure edgebounce 1.5,"10,400 DA",0.32999999999999996,0.27
femme,s3 baskets femme - en tissu - blanche,"2,800 DA",0.4,0.43
femme,b3d shoes basket femme souple  - daim / tissu -noir,"5,500 DA",0.5,0.0
femme,girlhood basket femme - beige,"3,990 DA",0.0,0.33
femme,b3d shoes basket pour femme  rouge,"4,900 DA",0.0,0.42
femme,us polo chaussure femme blanc - 101038421.,"10,990 DA",0.0,0.0
femme,us polo chaussure beige pour femme - ref : 101050937,"11,950 DA",0.0,0.0
femme,basket femme blanche et rose,"2,800 DA",0.5,0.0
femme,nike chaussure femme superrep groove chutney -ct1248-107,"18,000 DA",0.47000000000000003,0.0
femme,skechers basket femme  - s124401/mve - mauve,"11,900 DA",0.0,0.0
femme,us polo chaussure pour femme - blanc -100504668,"7,300 DA",0.0,0.33
femme,basket femme - blanc et rose,"3,200 DA",0.0,0.33
femme,girlhood basket femme - beige,"4,200 DA",0.37,0.3
femme,megawell confomed basket femme - souple et orthopédique - bleu/rose,"4,200 DA",0.45,0.0
femme,basket femme - jaune,"2,600 DA",0.5,0.3
femme,adidas baskets falcon w -femme-,"16,000 DA",0.0,0.15
femme,baskets oversize,"3,200 DA",0.25,0.0
femme,esmara baskets – sneakers – femme – noir,"3,000 DA",0.0,0.33
femme,love it basket femme - noir,"2,990 DA",0.0,0.5
femme,us polo chaussure femme blanc - 101038454,"12,450 DA",0.0,0.0
femme,skechers basket pour femme confortable - go run mojo 2.0 - magnify 16050 - noir,"7,999 DA",0.5,0.36
femme,us polo chaussure femme noir - 100605099,"6,550 DA",0.1,0.22
femme,esmara basket pour femme - trainers - vert,"3,000 DA",0.4,0.17
femme,s3 basket en tissu avec lacets - jaune,"3,200 DA",0.47000000000000003,0.31
femme,killy basket femme souple   -blanc,"3,500 DA",0.47000000000000003,0.0
femme,adidas basket femme - f36671 - noir,"7,999 DA",0.4,0.27
femme,nike basket  femme ci2164-400 - bleu,"10,900 DA",0.5,0.29
femme,confomed basket femme - souple et orthopédique - bleu/blanc,"4,200 DA",0.43,0.0
femme,baskets femme - tissu - noir,"1,599 DA",0.27999999999999997,0.47
femme,bella basket pour femme beige,"2,025 DA",0.0,0.53
femme,us polo baskets  femme - bleu nuit,"5,800 DA",0.0,0.2
femme,confomed basket femme - souple et orthopédique - noir/blanc,"4,200 DA",0.47000000000000003,0.0
femme,basket femme à platforme - blanc,"2,900 DA",0.2,0.36
femme,love it basket femme - noir,"2,990 DA",0.5,0.5
femme,b3d shoes basket femme souple  -  tissu filet  -blanc,"5,500 DA",0.0,0.35
femme,us polo chaussure femme blanc - 101038415.,"9,950 DA",0.0,0.0
femme,confomed basket femme - souple et orthopédique - noir/rose,"4,200 DA",0.0,0.0
femme,nike chaussure nike react element 55    - bq2728 103\bege,"12,999 DA",0.0,0.5
femme,nike basket -react live \cw1622-001,"11,500 DA",0.0,0.54
femme,basket femme souple  - daim / tissu - gris,"3,800 DA",0.43,0.1
femme,er basket femme a bande colorée - noir / gris / blanc,"2,190 DA",0.43,0.37
femme,er baskets femme a semelle crantée - rose,"2,470 DA",0.47000000000000003,0.31
femme,bella baskets pour femme bleu et blanche et noir,"3,900 DA",0.33999999999999997,0.0
femme,girlhood basket femme - bleu nuit,"3,990 DA",0.0,0.33
femme,moow basket femme - or,"3,700 DA",0.37,0.42
femme,basket femme - simili cuir / tissu - blanc / rose,"3,800 DA",0.5,0.36
femme,baskets oversize,"2,900 DA",0.3,0.0
femme,er basket femme à platforme - vert / blanc,"2,170 DA",0.45,0.36
femme,girlhood basket femme - blanc rosé,"3,990 DA",0.0,0.33
femme,er basket femme bi matiere - noir / gris,"2,170 DA",0.4,0.38
femme,er basket femme a motif animalier - gold,"3,470 DA",0.4,0.23
femme,b3d shoes basket pour femme  gris,"5,500 DA",0.0,0.35
femme,nike basket nike react element 55    - bq6166-102 - blanc\noire,"12,500 DA",0.5,0.57
femme,er basket femme tri matières - vert pastel,"2,800 DA",0.4,0.2
femme,baskets compensée - beige,"3,900 DA",0.3,0.23
femme,er baskets femme à bande colorée - jaune / or / blanc,"2,190 DA",0.4,0.37
femme,baskets femme  - tissu - noir,"3,200 DA",0.4,0.0
femme,nike chaussure nike react renew lucent element 55    - bq4235 006 - noire,"11,999 DA",0.0,0.59
femme,b3d shoes basket femme souple  - daim / tissu -céleste,"5,500 DA",0.0,0.0
femme,moow basket femme - noir,"2,500 DA",0.43,0.54
femme,love it basket femme - bleu nuit,"3,200 DA",0.32999999999999996,0.47
femme,puma cali sport jr white-whisper -femme-,"12,000 DA",0.5,0.13
femme,love it basket femme - noir,"3,200 DA",0.27999999999999997,0.47
femme,moow basket femme - rose,"2,500 DA",0.4,0.54
femme,girlhood basket femme - blanc,"3,990 DA",0.4,0.33
femme,basket femme - noir,"2,200 DA",0.5,0.37
femme,moow baskets compensée - beige,"3,500 DA",0.0,0.31
femme,love it basket femme - noir,"3,200 DA",0.0,0.47
femme,girlhood basket femme - noir,"3,990 DA",0.5,0.26
femme,er basket femme a bande colorée - blanc / argent,"3,500 DA",0.5,0.0
femme,er basket femme montante en toile - rouge,"2,500 DA",0.45,0.17
femme,fashion&bella basket femme simili cuir - blanc / noir,"3,900 DA",0.45,0.13
femme,moow basket femme - champagne,"3,990 DA",0.4,0.38
femme,girlhood basket femme - rouge,"3,990 DA",0.0,0.33
femme,us polo chaussure femme vison - 101038417,"9,950 DA",0.5,0.0
femme,skechers basket femme  -  s149100/nvgr - multicouleur,"10,500 DA",0.0,0.0
femme,tongfei basket femme tongfei,"2,900 DA",0.0,0.0
femme,adidas samba og shoes b44691 rose,"11,800 DA",0.0,0.0
femme,esmara baskets - esmara - femme - gris,"3,200 DA",0.0,0.29
femme,reebok baskets femme - sneakers royal cl jogger 2 pink - rose,"7,900 DA",0.0,0.0
femme,stradivarius basket stradivarius - femme,"4,900 DA",0.0,0.17
femme,girlhood basket femme - rose,"3,990 DA",0.0,0.33
femme,esmara baskets– sneakers – esmara – femme – rose,"3,200 DA",0.0,0.29
femme,basket femme noir et bordeau,"2,500 DA",0.4,0.0
femme,asics gel-quantum 360 knit 2 1022a041-001,"16,800 DA",0.0,0.0
femme,girlhood basket femme - rose clair,"3,990 DA",0.0,0.33
femme,adidas basket femme  -  fv3139 - blanc,"9,900 DA",0.0,0.0
femme,baskets femme - gris,"2,600 DA",0.5,0.38
femme,skechers chaussure femme - s124307/nvy - bleu,"6,800 DA",0.0,0.43
femme,us polo chaussure femme rouge - 1027807vr030,"6,550 DA",0.4,0.22
femme,oggi baskets femmes vert militaire,"6,500 DA",0.0,0.13
femme,b3d shoes baskets femme  - en tissu avec semelle compensée  - rose clair.,"5,500 DA",0.0,0.0
femme,girlhood basket femme - vert,"3,990 DA",0.0,0.33
femme,b3d shoes basket femme souple  - daim / tissu - beige,"5,500 DA",0.0,0.0
femme,adidas basket femme - climacool fresh - gris,"6,800 DA",0.0,0.19
femme,b3d shoes basket femme souple  - daim / tissu - blanc  /,"5,500 DA",0.0,0.35
femme,basket femme souple  - daim / tissu - noir /,"4,700 DA",0.0,0.0
femme,megawell basket femme - souple et orthopédique - noir,"4,700 DA",0.0,0.0
femme,geox respira basket femme d825tb,"8,999 DA",0.0,0.3
femme,megawell basket femme - souple et orthopédique - gris,"4,700 DA",0.0,0.0
femme,kaporal baskets safia - noir,"4,000 DA",0.5,0.0
femme,us polo chaussure sally vert pour femme_100422440,"6,225 DA",0.0,0.5
femme,yl basket femme - noir,"3,200 DA",0.0,0.27
femme,us polo chaussure pour femme - rose-100301303,"4,500 DA",0.0,0.59
femme,megawell basket femme - souple et orthopédique - vert,"4,700 DA",0.0,0.0
femme,us polo baskets  femme - beige,"4,500 DA",0.0,0.59
femme,"geox respira geox b new balu' boy b, baskets basses bébé garçon","6,500 DA",0.0,0.0
femme,us polo chaussure pour femme - vr013-777859vr013,"6,100 DA",0.4,0.2
femme,megawell basket femme - souple et orthopédique - saumon,"4,700 DA",0.0,0.0
femme,tony p baskets femme - tissu - rose,"2,800 DA",0.0,0.43
femme,basket femme - noir,"3,200 DA",0.3,0.19
femme,be sport basket femme - marron,"3,200 DA",0.35,0.14
femme,oggi baskets femmes noir,"6,500 DA",0.0,0.13
femme,mizuno baskets unisexe - j1gf161809 - rose,"3,900 DA - 8,300 DA",0.43,0.53
femme,decathlon baskets femme - running - gris,"3,890 DA",0.45,0.22
femme,decathlon baskets femme - running - gris,"3,900 DA",0.44000000000000006,0.0
femme,decathlon baskets femme - running - gris,"3,890 DA",0.49000000000000005,0.0
femme,nike baskets femme - 749572-407 - bleu,"8,900 DA",0.35,0.26
femme,decathlon baskets femme - running - rose,"5,990 DA",0.0,0.0
femme,b3d shoes baskets femme - running - gris,"5,500 DA",0.5,0.0
femme,skechers basket femme - burst comfort - bleu marine,"6,999 DA",0.0,0.26
femme,decathlon baskets femme - running - rose,"5,950 DA",0.0,0.13
femme,reebok basket femme - royal glide syn c4975 orthopédique - bleu,"9,800 DA",0.1,0.0
femme,adidas basket  femme - gv9817 - blanc,"5,800 DA",0.45999999999999996,0.09
femme,adidas basket  femme - gv9819 - turquoi,"5,800 DA",0.41,0.09
femme,nike basket femme - bq5671-003 - noir,"7,400 DA",0.5,0.05
femme,zeta basket pour femme souple en maille respirante bleu,"1,500 DA",0.3,0.53
femme,skechers basket femme - s117169/gymt - multicouleur,"8,900 DA",0.5,0.1
femme,hi-tec basket femme - a006708/061 - multicouleur,"5,500 DA",0.37,0.0
femme,nike baskets femme - bq3207-2 - noir,"9,200 DA",0.47000000000000003,0.0
femme,palladium baskets femme - p76837-207-m - marron,"4,800 DA",0.47000000000000003,0.39
femme,adidas basket  femme en cuir - gz8082 - blanc,"7,900 DA",0.5,0.1
femme,nike basket femme - bq5671-021 - gris,"7,400 DA",0.43,0.05
femme,us polo baskets  femme - blanche - 100302735,"3,925 DA",0.4,0.5
femme,peak basket femme  -  ew12478h  - rose,"8,600 DA",0.0,0.11
femme,nike basket femme - da2776-003 - noir,"6,500 DA",0.0,0.04
femme,nike baskets femme - bq5671-21 - gris,"8,300 DA",0.48,0.0
femme,skechers basket femme - s100250/tpe - beige,"11,500 DA",0.0,0.0
femme,nike basket femme - dj2004-100 - blanc,"10,600 DA",0.0,0.1
femme,skechers baskets femme reggae fest 2.0 - marron,"12,500 DA",0.0,0.0
femme,skechers baskets femme summits - gris,"9,500 DA",0.0,0.0
femme,adidas basket  femme - gz8068 - blanc,"9,700 DA",0.0,0.1
femme,nike basket femme - bq5448-120 - blanc,"7,400 DA",0.0,0.05
femme,nike basket femme - bq5671-004 - gris,"7,000 DA",0.5,0.1
femme,reebok basket  femme - fx3209 - rose & gris,"9,800 DA",0.25,0.31
femme,hi-tec basket femme - h007141/070/004 - rose,"6,500 DA",0.5,0.0
femme,nike basket femme - da2776-601 - rose,"6,100 DA",0.45999999999999996,0.1
femme,sport basket sneakers san lacé lastiqui pour femme noir,"3,300 DA",0.1,0.0
femme,sport basket sneakers san lacé lastiqui pour femme bleu,"3,300 DA",0.47000000000000003,0.0
femme,reebok basket  femme - fx1814 - rose & gris,"7,900 DA",0.43,0.24
femme,reebok basket  femme - g58718 - gris,"8,400 DA",0.5,0.24
homme,reebok baskets reebok homme - eh2692 - gris foncã©,"7,900 DA",0.43,0.0
homme,adidas basket homme - run falcon utra confortable cloudfoam tendance 2021 - noir,"8,200 DA",0.43,0.29
homme,kalenji baskets homme - ekiden one man - gris,"3,700 DA",0.41,0.0
homme,asics basket homme patriot 12 - bleu,"9,500 DA",0.5,0.0
homme,decathlon baskets homme - newfeel - gris,"3,450 DA",0.38,0.0
homme,under armour basket homme ua charged assert 9 - noir,"10,000 DA",0.0,0.0
homme,under armour basket homme ua charged assert 9 - bleu,"10,000 DA",0.0,0.0
homme,adidas basket unisexe tensaur run ultra-légère spécial marche sport longue durée- noir,"5,990 DA",0.43,0.33
homme,asics basket homme patriot 12 - noir / blanc,"9,500 DA",0.0,0.0
homme,adidas basket unisexe tensaur run ultra-légère spécial marche sport longue durée- noir,"6,950 DA",0.2,0.22
homme,decathlon baskets homme -  ekiden one man - gris,"3,890 DA",0.43,0.0
homme,decathlon baskets homme - newfeel - gris,"3,100 DA",0.39,0.09
homme,joma baskets running homme - vitaly - gris/bleu,"4,700 DA",0.42000000000000004,0.2
homme,adidas baskets homme fluidflow - blanc,"11,000 DA",0.0,0.0
homme,decathlon baskets homme - newfeel - gris,"3,500 DA",0.38,0.0
homme,reebok baskets homme - vector runner - noir,"10,500 DA",0.0,0.0
homme,adidas baskets homme roguera - blanc,"8,900 DA",0.0,0.0
homme,adidas baskets homme roguera - noir,"9,500 DA",0.0,0.0
homme,adidas basket homme - galaxy 5 running utra confortable cloudfoam tendance 2021 - bleu,"9,800 DA",0.3,0.29
homme,reebok baskets homme - lite 2.0 - bleu nuit,"7,900 DA",0.0,0.0
homme,mizuno basket wave rider mizuno réf : d1ga1927-13 - homme - bleue,"12,000 DA",0.0,0.0
homme,adidas baskets homme roguera - noir,"9,800 DA",0.0,0.0
homme,decathlon baskets homme - noir,"8,700 DA",0.5,0.0
homme,decathlon baskets homme - newfeel - gris,"3,390 DA",0.32999999999999996,0.0
homme,decathlon baskets homme -  ekiden one man - gris,"3,890 DA",0.38,0.0
homme,decathlon baskets homme -  ekiden one man - gris,"3,750 DA",0.5,0.0
homme,adidas baskets homme roguera - noir,"8,900 DA",0.0,0.0
homme,puma baskets homme - evader xt v 2 - noir,"10,500 DA",0.0,0.0
homme,hi-tec basket homme - a001743/031 - bleu,"4,500 DA",0.45,0.0
homme,decathlon baskets homme - pw 140 - bleu,"5,199 DA",0.43,0.0
homme,baskets homme - noir respirante,"1,499 DA - 1,599 DA",0.32,0.44
homme,decathlon baskets homme - newfeel stepwalk -  bleu,"3,900 DA",0.0,0.13
homme,baskets homme - noir respirante,"1,499 DA",0.0,0.44
homme,baskets homme - noir respirante,"1,599 DA",0.32,0.41
homme,adidas basket homme retrorunner tendance suéde patronne de la mode simple fv7034 - noir,"5,900 DA",0.44000000000000006,0.46
homme,reebok basket homme - ultra tendance ex-o-fit hi montante cuir 3477 - blanc,"5,700 DA",0.42000000000000004,0.4
homme,adidas basket unisexe sneakers vl court 2.0 jnr tendance fashion street f36381 - noir,"4,990 DA",0.4,0.44
homme,baskets homme - noir respirante,"1,599 DA",0.37,0.41
homme,baskets homme - blanc respirante,"1,599 DA",0.31,0.41
homme,hi-tec basket homme - a006717/031 - noir,"5,900 DA",0.4,0.0
homme,baskets homme - gris respirante,"1,499 DA",0.4,0.5
homme,sayt rlae baskets homme - noir & rouge respirante,"1,499 DA",0.32,0.44
homme,adidas basket homme - run falcon utra confortable cloudfoam tendance 2021 - bleu,"7,900 DA",0.47000000000000003,0.31
homme,sayt rlae baskets homme - noir & blanc respirante,"1,499 DA",0.36,0.44
homme,baskets homme - noir rouge respirante,"1,499 DA - 1,599 DA",0.36,0.44
homme,adidas basket homme - run falcon utra confortable cloudfoam tendance 2021 - noir,"6,990 DA",0.31,0.29
homme,skechers basket homme - s232121/ccrd - gris,"8,300 DA",0.47000000000000003,0.3
homme,baskets homme - noir respirante,"1,499 DA - 1,599 DA",0.33999999999999997,0.44
homme,hi-tec basket homme - o007407/061 - multicouleur,"6,900 DA",0.48,0.0
homme,baskets homme - blanc respirante,"1,499 DA",0.0,0.44
homme,nike basket homme - da1105-002 - noir,"8,700 DA",0.0,0.27
homme,adidas basket homme vl court 2.0 fw3774 - noir,"8,500 DA",0.42000000000000004,0.0
homme,adidas baskets homme - fw3774 - noir,"5,525 DA",0.41,0.35
homme,nike baskets homme - ct1726-100 - blanc,"13,600 DA",0.37,0.0
homme,baskets homme - blanc respirante,"1,499 DA - 1,599 DA",0.32999999999999996,0.44
homme,sayt rlae baskets  - sneakers run - noir,"2,800 DA",0.27,0.38
homme,sayt rlae baskets  - sneakers lbs - noir,"3,400 DA",0.3,0.24
homme,nike basket homme - cw3403-003 - noir,"10,700 DA",0.0,0.1
homme,adidas baskets unisexe - sneakers breaknet new look sporty classique fx8707 - blanc,"6,550 DA",0.42000000000000004,0.38
homme,reebok basket  homme - fy7554 - noir,"9,500 DA",0.45,0.23
homme,baskets homme - gris respirante,"1,499 DA",0.32999999999999996,0.44
homme,tonypei baskets espadrilles en bache pour homme rouge et blanche,"1,725 DA",0.5,0.6
homme,nike basket homme - da1105-400 - bleu,"8,700 DA",0.45999999999999996,0.27
homme,adidas basket unisexe - sneaker tensaur légère résistante super soft confortable - bleu,"5,900 DA",0.5,0.25
homme,sayt rlae baskets  - sneakers black friday - beige,"2,990 DA",0.1,0.34
homme,cross hatch baskets montantes plates pour hommes-noir/blanc,"5,250 DA",0.37,0.33
homme,adidas basket homme response sr - gris,"11,300 DA",0.48,0.0
homme,peak basket unisexe - e12547h  - all black,"6,300 DA",0.5,0.09
homme,sport basket espadrille synthétique cuir pour homme blanche et marron,"3,450 DA",0.4,0.0
homme,reebok baskets homme - gz9829 - vert,"10,240 DA",0.4,0.2
homme,nike baskets homme - cj1682-3 - noir,"11,600 DA",0.43,0.0
homme,adidas basket homme - gz5433 - noir,"9,700 DA",0.0,0.15
homme,adidas basket homme - h01990 - noir,"8,300 DA",0.4,0.15
homme,reebok basket homme liquifect 180 2.0 - bleu,"11,900 DA",0.49000000000000005,0.0
homme,hummel basket kiel hummel  black,"6,800 DA",0.39,0.0
homme,palladium basket homme off-grid lo utility - 77172-069-m,"18,900 DA",0.0,0.0
homme,sayt rlae baskets  - sneakers run - rouge,"2,800 DA",0.0,0.38
homme,nike basket homme - da1350-001 - noir,"8,700 DA",0.0,0.27
homme,hummel baskets homme - handewit - noir/blanc,"6,800 DA",0.4,0.0
homme,hi-tec basket homme - h007015/062/006 - multicouleur,"10,900 DA",0.0,0.0
homme,reebok basket  homme - fx1684 - noir & orange,"8,900 DA",0.0,0.24
homme,puma basket homme - x-ray tendance 2020 black black - 37260201,"12,500 DA",0.4,0.16
homme,puma basket homme- flyer runner black &white edition softfoam ultra confortable- noir,"9,500 DA",0.45999999999999996,0.26
homme,generix baskets homme - sneakers vxvx - gris&bleu,"2,990 DA",0.45,0.34
homme,hi-tec basket homme - o007407/071 - marron,"6,900 DA",0.45,0.0
homme,new balance basket 574 lifestyle marinho\ms574kta.,"10,999 DA",0.0,0.54
homme,peak baskets unisexe - x-light - ew012blue,"5,600 DA",0.44000000000000006,0.2
homme,reebok basket femme liquifect 180 2.0 - gris,"11,500 DA",0.45,0.0
homme,sayt rlae baskets  - sneakers zigzag -noir,"3,400 DA",0.3,0.24
homme,nike baskets homme - cd5463-100 - blanc,"11,200 DA",0.37,0.0
homme,adidas baskets homme - fx6982 - bleu,"12,500 DA",0.3,0.0
homme,hi-tec basket homme - o007407/091 - multicouleur,"6,900 DA",0.32999999999999996,0.0
homme,adidas baskets homme - fx5500 - blanc,"13,900 DA",0.0,0.0
homme,nike basket homme nike air vapormax flyknit 3  - aj6900-002 - noir & blanc,"33,800 DA",0.5,0.0
homme,skechers basket enfant  - s97858l/bkgy - multicouleur,"6,500 DA",0.0,0.0
homme,adidas basket unisexe junior - sneaker tensaur légère super soft confortable - bleu,"5,900 DA",0.42000000000000004,0.34
homme,nike baskets homme - bq3204-400 - bleu,"9,200 DA",0.42000000000000004,0.0
homme,adidas basket homme showtheway - gris,"8,900 DA",0.47000000000000003,0.0
homme,reebok basket  homme - fx1809 - bleu,"7,900 DA",0.47000000000000003,0.24
homme,sport basket synthétique cuir pour unisexe noir,"4,300 DA",0.36,0.0
homme,adidas basket homme showtheway - grenat,"8,900 DA",0.4,0.0
homme,us polo association basket homme - rouge.,"10,800 DA",0.0,0.26
homme,sayt rlae baskets  - sneakers fashion - blanc&orange,"3,800 DA",0.4,0.22
homme,reebok baskets homme - cn4108 - noir,"9,775 DA",0.43,0.15
homme,baskets homme - beige respirante,"1,499 DA",0.0,0.44
homme,hi-tec basket homme - o007408/041 - bleu,"5,900 DA",0.3,0.0
homme,sayt rlae baskets  - sneakers run - blanc,"2,800 DA",0.0,0.38
homme,hi-tec basket homme - 006136/092 - bleu,"6,900 DA",0.4,0.0
homme,cross hatch baskets montantes plates pour hommes-marron,"5,600 DA",0.35,0.28
homme,nike basket - downshifter 10 - ci9981-002 - noir.,"8,500 DA",0.0,0.37
homme,peak basket unisexe - ew12818e  - powder rose,"8,600 DA",0.0,0.11
homme,palladium basket homme off-grid lo nyl - 77171-010-m,"16,900 DA",0.0,0.0
homme,adidas basket femme fluidstreet - gris,"11,500 DA",0.5,0.0
homme,adidas basket  homme - ef6048 noir,"6,900 DA",0.47000000000000003,0.4
homme,sayt rlae baskets  - sneakers airavata - noir,"2,990 DA",0.32999999999999996,0.34
homme,reebok basket homme running lite 2.0 performance tendance sport et fitness eh2696 -bleu,"7,600 DA",0.5,0.22
homme,adidas baskets homme - vs pace new generation tendance eh0019 - blanc,"6,900 DA",0.4,0.42
homme,adidas baskets enfant - fw3290 - noir / blanc,"4,500 DA",0.45999999999999996,0.4
homme,adidas basket homme terrex agravic tr - fz3266,"12,500 DA",0.0,0.0
homme,sayt rlae basket sayt rlae - noir,"1,550 DA",0.0,0.0
homme,adidas chaussures baskets stan smith adulte m20326,"4,999 DA - 9,200 DA",0.48,0.54
homme,nike basket homme - dh2987-101 - blanc,"8,900 DA",0.0,0.1
homme,skechers basket homme - s237228/bkw - noir,"9,500 DA",0.5,0.2
homme,cross hatch baskets pour homme - gris,"2,900 DA",0.43,0.51
homme,reebok basket  homme - fx1812 - noir & blanc,"7,900 DA",0.43,0.24
homme,s3 basket homme- noir,"3,500 DA",0.3,0.41
homme,adidas basket homme - h01961 - noir,"7,100 DA",0.0,0.1
homme,reebok baskets homme - cn4107 - blanc,"9,775 DA",0.0,0.15
homme,adidas basket homme terrex agravic tr - fz4447,"12,500 DA",0.0,0.0
homme,peak basket unisexe - e01437eblack,"5,640 DA - 9,400 DA",0.47000000000000003,0.4
homme,sayt rlae baskets  - sneakers airavata - beige,"2,990 DA",0.5,0.34
homme,adidas basket unisexe - sneakers breaknet new look sporty classique fx8708 - noir,"6,900 DA",0.41,0.34
homme,nike basket court royale ac \749747 411,"8,500 DA",0.48,0.6
homme,noennamenull baskets homme - sneakers tri - blanc&bleu,"2,990 DA",0.5,0.34
homme,adidas basket homme - eg2656 - noir,"7,900 DA",0.45,0.1
homme,generix baskets homme - sneakers vxvx - gris&beige,"2,990 DA",0.45,0.34
homme,generix baskets homme - sneakers - blanc&bleu,"2,390 DA",0.32,0.47
homme,skechers basket homme - s237128/ccbk - gris,"10,100 DA",0.2,0.25
homme,peak basket unisexe - e12561e  - all black,"6,300 DA",0.0,0.16
homme,adidas basket homme asweetrain - gris,"11,800 DA",0.45,0.0
homme,adidas basket homme - fw1187 - noir,"8,100 DA",0.4,0.31
homme,reebok baskets  homme - ef7788 - noir,"6,200 DA",0.45,0.24
homme,adidas basket  homme en cuir - fx8708 - noir,"7,500 DA",0.0,0.05
homme,reebok basket  homme - fx9623 - noir,"7,900 DA",0.5,0.24
homme,nike basket homme - cj0585-002 - noir & gold,"30,600 DA",0.3,0.0
homme,cross hatch baskets pour homme - vert/gris,"2,600 DA - 2,990 DA",0.39,0.56
homme,generix baskets homme - sneakers vxvx - multi,"2,990 DA",0.4,0.34
homme,adidas basket homme - fy7939 - blanc,"13,100 DA",0.5,0.1
homme,nike basket homme - cd0881-102 - blanc & grise,"21,800 DA",0.0,0.0
homme,caterpillar baskets homme - p724571 - gris,"7,600 DA",0.5,0.3
homme,puma basket homme - st runner v2 nl 365278 08 mode tennis life style confort - bleu,"9,800 DA",0.0,0.29
homme,skechers basket homme - s210037/blk - noir,"7,400 DA",0.0,0.3
homme,skechers basket homme - s220061/bkbl - multicouleur,"8,300 DA",0.47000000000000003,0.43
homme,adidas basket homme terrex ax4 - fz3280,"14,500 DA",0.0,0.0
homme,noennamenull baskets homme - sneakers series- noir,"2,990 DA",0.32999999999999996,0.34
homme,adidas baskets homme - b22705 - blanc,"10,500 DA",0.4,0.0
homme,adidas basket homme - fz3266 - noir,"10,300 DA",0.48,0.1
homme,peak baskets unisexe - eggii - ew021black/white,"5,600 DA",0.38,0.4
homme,nike basket nike sb charge slr \cd6279 001,"7,999 DA",0.4,0.46
homme,palladium basket homme off-grid lo nyl - 77171-072-m,"16,900 DA",0.0,0.0
homme,adidas baskets homme - fv7034 - noir,"5,700 DA",0.45,0.4
homme,reebok basket  homme - fx1227 - gris & bleu,"8,500 DA",0.43,0.23
homme,munich basket homme - sneakers munich massana 338 fashion street - marron,"8,900 DA",0.3,0.36
homme,adidas basket homme - h68182 - noir,"9,100 DA",0.0,0.2
homme,noennamenull baskets homme - sneakers tri - blanc&noir,"2,990 DA",0.0,0.34
homme,peak baskets unisexe - street master - ew02321white,"7,900 DA",0.48,0.28
homme,reebok basket  homme - fx1228 - noir & blanc & rouge,"8,500 DA",0.38,0.23
homme,peak baskets unisexe - street master - ew02321 - blue/pink,"7,900 DA",0.36,0.28
homme,adidas baskets homme - fx5090 - blanc,"13,900 DA",0.0,0.0
homme,peak baskets unisexe - eggii - ew021black,"7,700 DA",0.4,0.18
homme,adidas baskets homme sneakers easy vulc 2.0 tennis tendance fashion street wear - blanc,"6,900 DA",0.5,0.3
homme,noennamenull baskets homme - sneakers gx- noir,"2,800 DA - 3,400 DA",0.45999999999999996,0.38
homme,cross hatch baskets montantes plates pour hommes-gris,"5,250 DA",0.39,0.33
homme,nike baskets enfant nike court borought basse - bq5448-104 - blanc,"8,300 DA",0.5,0.0
homme,skechers basket enfant  - s403603wl/bknv - bleu,"6,900 DA",0.5,0.0
homme,reebok basket  homme - fz0170 - noir,"7,900 DA",0.47000000000000003,0.24
homme,baskets respirations unisexe-rose,"2,900 DA",0.0,0.0
homme,cross hatch basket pour homme - noir,"5,900 DA",0.39,0.0
homme,adidas baskets homme - fw6651 - noir / blanc,"5,880 DA",0.35,0.4
homme,cross hatch baskets pour homme - blanc,"2,400 DA - 2,800 DA",0.37,0.59
homme,nike basket air max graviton m at4525-003,"11,250 DA",0.47000000000000003,0.46
homme,asics basket homme - 1011b040-002 - noir / blanc,"8,550 DA",0.48,0.1
homme,us polo association basket homme - vert militaire,"8,800 DA",0.5,0.39
homme,sayt rlae baskets  - sneakers fashion - blanc&vert,"3,800 DA",0.38,0.22
homme,puma basket confortable - clyde court gw (191712-13) - bleu nuit,"8,999 DA",0.45,0.28
homme,nike baskets homme - bq3204-001 - noir,"8,075 DA",0.43,0.15
homme,cross hatch baskets montantes plates pour hommes-noir,"5,250 DA",0.43,0.33
homme,adidas baskets homme sneakers vl court wh tennis tendance fashion street wear - blanc,"6,950 DA - 9,800 DA",0.48,0.29
homme,nike baskets homme - bq5451-12 - gris,"5,900 DA",0.0,0.0
homme,nike basket air max axis-aa2146006,"11,250 DA",0.32999999999999996,0.51
homme,nike baskets homme - bq3204-002 - noir / blanc,"8,075 DA",0.45,0.15
homme,adidas basket homme retrorunner tendance suéde patronne de la mode simple fv7031- blanc,"7,900 DA",0.44000000000000006,0.28
homme,nike basket unisexe - revolution 5 ultra-confort smooth bq5671-076 - noir/pistache,"8,600 DA",0.48,0.25
homme,adidas basket  homme - eg2521 - noir & gris,"7,400 DA",0.5,0.21
homme,adidas basket running très confortable boost solardrive 19 - fw9610 -  gris,"10,900 DA",0.0,0.25
homme,hummel ensemble homme - core basket jerseyv- bleu police,"3,800 DA",0.5,0.0
homme,hummel baskets homme - kiel - navy,"6,800 DA",0.47000000000000003,0.0
homme,tonypei baskets espadrilles en bache pour homme bleu et blanche,"1,700 DA",0.32999999999999996,0.0
homme,tony-p baskets espadrilles en tissu pour homme noir,"1,650 DA",0.37,0.55
homme,cross hatch baskets pour homme - gris,"3,200 DA",0.38,0.46
homme,cross hatch baskets pour homme - vert olive,"2,400 DA",0.42000000000000004,0.59
homme,adidas basket homme - fy9153 - bleu,"7,700 DA",0.43,0.29
homme,nike baskets homme - ci9981-006 - noir,"9,540 DA",0.5,0.1
homme,puma basket homme - smash v2 l tendance free style en cuir eco - blanc,"8,900 DA",0.0,0.25
homme,k-swiss baskets homme - k06600-002-m - noir,"5,900 DA",0.35,0.54
homme,hummel baskets homme - handewitt - noir,"6,800 DA",0.47000000000000003,0.0
homme,peak basket unisexe - e01937eblack/orange yellow,"5,640 DA - 9,400 DA",0.4,0.4
homme,hi-tec basket homme - o007387/041 - kaki,"8,900 DA",0.0,0.0
homme,adidas basket homme - fz0961 - noir,"7,900 DA",0.0,0.1
homme,skechers basket homme - s17693/bbk - noir,"7,700 DA",0.0,0.43
homme,adidas basket homme - gv9766 - noir,"11,000 DA",0.5,0.15
homme,peak basket unisexe - e12807b  - black/white,"8,600 DA",0.0,0.11
homme,peak basket unisexe - e01438eblack/fluorescent red,"5,280 DA - 8,800 DA",0.4,0.4
homme,reebok basket  homme - fy7747 - blanc,"8,900 DA",0.44000000000000006,0.28
homme,noennamenull baskets homme - sneakers tri - blanc&beige,"2,990 DA",0.43,0.34
homme,k-swiss baskets homme - k06595-037-m - gris,"6,900 DA",0.5,0.3
homme,hi-tec basket homme - o007453/051 - multicouleur,"7,900 DA",0.5,0.0
homme,adidas basket homme grand court se white & black fashion street confort fw3277 - blanc,"8,900 DA",0.47000000000000003,0.21
homme,reebok baskets homme - fy7545 - bleu ciel,"9,520 DA",0.3,0.2
homme,skechers basket femme - s77276/blk - noir,"7,200 DA",0.1,0.42
homme,basket homme 93213 - sneakers homme - noir,"3,500 DA",0.4,0.08
homme,sayt rlae baskets homme - noir respirante,"1,800 DA",0.3,0.12
homme,adidas basket confortable zx flux -eg5410 - bleu-,"9,500 DA",0.38,0.34
homme,skechers basket homme - s210277/tpe - marron,"8,600 DA",0.3,0.25
homme,k-swiss baskets homme - k06998-044-m - noir,"5,500 DA",0.5,0.3
homme,adidas basket homme  sneakesr fluid flow best confort & super soft street running - gris,"10,800 DA",0.44000000000000006,0.22
homme,basket homme  - sneakers homme - bleu,"3,800 DA",0.45,0.0
homme,adidas basket homme - fz3577 - noir,"7,900 DA",0.4,0.1
homme,adidas basket unisexe superstar slip-on avec bandage croisé tendance bz0112 - noir,"8,900 DA",0.45,0.21
homme,k-swiss baskets homme - k06595-410-m - bleu nuit,"6,900 DA",0.44000000000000006,0.3
homme,nike basket femme nike air max dia - ci3898-300 - vert -,"18,700 DA",0.0,0.0
homme,adidas basket swift run aq0863 core - noir - confortable,"7,999 DA",0.42000000000000004,0.36
homme,s3 basket homme-blanche et grise-simili cuir,"4,200 DA",0.36,0.39
homme,adidas baskets homme urbaines 90s valasion noir et blanc ee9892,"7,499 DA",0.5,0.5
homme,nike baskets homme - ci9981-002 - noir,"8,840 DA",0.5,0.15
homme,cross hatch baskets pour homme - noir,"5,900 DA",0.38,0.0
homme,k-swiss baskets homme - k06600-101-m - blanc,"5,900 DA",0.5,0.54
homme,adidas basket homme- sneakers roguera core white tendance vintage 80's cuir- blanc,"6,950 DA",0.37,0.34
homme,adidas baskets homme - swift run ee4443 -  blanc,"7,999 DA",0.0,0.43
homme,skechers baskets homme - s204056/cdb - marron,"14,900 DA",0.5,0.0
homme,sayt rlae baskets  - sneakers lbs - vert,"3,400 DA",0.1,0.24
homme,skechers baskets femme - s117115/gry - blanc/rouge,"10,900 DA",0.0,0.0
homme,adidas baskets enfants - fv3139 - blanc,"10,800 DA",0.4,0.0
homme,reebok basket  homme - fy7745 - bleu,"9,400 DA",0.5,0.24
homme,k-swiss baskets homme - k06998-414-m - bleu nuit,"5,500 DA",0.5,0.3
homme,nike basket zoom gravity \bq3203 500,"12,999 DA",0.0,0.38
homme,adidas baskets homme sneakers easy vulc 2.0 tennis tendance fashion street wear - noir,"6,900 DA",0.5,0.3
homme,nike basket mach runner \303992 414 gris\bleu,"7,999 DA",0.0,0.46
homme,star basket sneakers  noir pour homme,"1,650 DA",0.5,0.55
homme,skechers basket homme - s237201/ccmt - multicouleur,"12,500 DA",0.5,0.0
homme,adidas basket homme - fz3578 - noir,"7,900 DA",0.35,0.1
homme,adidas baskets enfants - fy9840 - blanc,"9,800 DA",0.4,0.0
homme,hummel basket homme - kiel ultra confortable spécial marche et sport orhtopédic -bleuق,"6,200 DA - 6,800 DA",0.2,0.23
homme,nike basket femme - cn7383-300 - green,"28,800 DA",0.0,0.0
homme,skechers baskets homme - s204056/blk - noir,"10,400 DA",0.4,0.25
homme,hi-tec basket homme - 006136/031 - noir,"6,900 DA",0.0,0.0
homme,palladium basket homme off-grid lo lth - 77170-010-m,"18,900 DA",0.0,0.0
homme,adidas basket homme nova flow running performance moderne respirante eh1365 - rouge,"7,600 DA",0.5,0.31
homme,reebok basket femme liquifect 180 2.0 sp - bleu nuit,"11,500 DA",0.4,0.0
homme,adidas basket - runfalcon eg8628 - unisex - gris,"7,899 DA",0.5,0.56
homme,palladium basket homme off-grid lo nyl - 77171-309-m,"16,900 DA",0.0,0.0
homme,adidas basket homme runfalcon 2.0 - noir,"13,200 DA",0.0,0.0
homme,nike basket femme - at6175-300 - vert,"20,100 DA",0.0,0.0
homme,adidas basket homme - fw1452 - noir,"10,300 DA",0.0,0.1
homme,reebok baskets homme - dv8618 - noir,"8,800 DA",0.47000000000000003,0.4
homme,peak basket unisexe - e12587h  - black/white,"8,200 DA",0.0,0.1
homme,noennamenull baskets homme - sneakers series- noir&jaune,"2,990 DA",0.4,0.34
homme,adidas basket homme terrex agravic tr - fw1452,"12,500 DA",0.5,0.0
homme,skechers baskets femme - s167008/choc - marron,"9,900 DA",0.43,0.27
homme,adidas basket homme - sneakers run 70s ultra-confort cuir véritable ee9757 - beige,"10,300 DA",0.45,0.26
homme,baskets respirations unisexe-vert,"2,900 DA",0.0,0.0
homme,nike basket joyride dual prm  - c4t3867 001 - gris,"11,250 DA",0.0,0.0
homme,adidas baskets enfants - fx7520 - blanc,"10,800 DA",0.0,0.0
homme,reebok basket  homme - fx1644 -  noir,"9,400 DA",0.47000000000000003,0.28
homme,puma basket confortable - clyde court gw (191712-08) - gris,"8,999 DA",0.47000000000000003,0.28
homme,peak basket homme  -  da830551  - rouge,"7,400 DA",0.0,0.13
homme,adidas basket homme terrex hyperblue mid - fy9701,"17,900 DA",0.0,0.0
homme,sayt rlae baskets  - sneakers zigzag - blanc,"3,400 DA",0.45,0.24
homme,reebok baskets homme - gw2838 - blanc,"13,500 DA",0.0,0.0
homme,adidas baskets homme - eg4957 - noir,"10,570 DA",0.5,0.24
